번호,교과과정,학수강좌번호,교과목명,학점,이론,실습,강의요일/교시,강의실,담당교원,수업캠퍼스,비고
1,공교,RGC0005-01,기술보고서작성및발표,3.0,3.0,0.0,월1.0-3.5,102-356(학술/문화관 K356 356 강의실),오명원,서울,
2,공교,RGC0005-02,기술보고서작성및발표,3.0,3.0,0.0,월1.0-3.5,501-109(학림관 J111 강의실_스마트),조미라,서울,
3,공교,RGC0005-03,기술보고서작성및발표,3.0,3.0,0.0,월5.5-8.0,102-356(학술/문화관 K356 356 강의실),전용덕,서울,
4,공교,RGC0005-04,기술보고서작성및발표,3.0,3.0,0.0,월5.5-8.0,501-415(학림관 J415 강의실),임태균,서울,
5,공교,RGC0005-05,기술보고서작성및발표,3.0,3.0,0.0,화1.0-3.5,102-221(학술/문화관 K221 221 강의실),최현경,서울,
6,공교,RGC0005-06,기술보고서작성및발표,3.0,3.0,0.0,화1.0-3.5,408-321(정보문화관Q Q301 강의실),최수진,서울,
7,공교,RGC0005-07,기술보고서작성및발표,3.0,3.0,0.0,목1.0-3.5,102-356(학술/문화관 K356 356 강의실),오명원,서울,
8,공교,RGC0005-08,기술보고서작성및발표,3.0,3.0,0.0,목1.0-3.5,408-321(정보문화관Q Q301 강의실),조미라,서울,
9,공교,RGC0005-09,기술보고서작성및발표,3.0,3.0,0.0,목5.5-8.0,501-409(학림관 J413 강의실),이재섭,서울,
10,공교,RGC0005-10,기술보고서작성및발표,3.0,3.0,0.0,목5.5-8.0,501-415(학림관 J415 강의실),전용덕,서울,
11,공교,RGC0005-11,기술보고서작성및발표,3.0,3.0,0.0,목5.5-8.0,102-356(학술/문화관 K356 356 강의실),유보영,서울,
12,공교,RGC0005-12,기술보고서작성및발표,3.0,3.0,0.0,금1.0-3.5,1102-219(종합강의동 219 강의실),전용덕,일산,BMC개설
13,전필,ARD2010-01,표현기법,3.0,0.0,6.0,화8.0-13.5,405-404(원흥관 1/3 F404 크리틱실 1),황영미,서울,수강제한 7명
14,전필,ARD2010-02,표현기법,3.0,0.0,6.0,화8.0-13.5,405-405(원흥관 1/3 F405 크리틱실 2),신윤석,서울,수강제한 7명
15,전필,ARD2010-03,표현기법,3.0,0.0,6.0,화8.0-13.5,405-406(원흥관 1/3 F406 교수연구실(공실)),백성진,서울,수강제한 7명
16,전필,ARD2022-01,건축CAD,3.0,2.0,2.0,금1.0-3.5/금4.0-4.5,405-318(원흥관 1/3 F318 (F) 공용컴퓨터실)/405-541(원흥관 1/3 E541 강의실),황연숙,서울,수강제한 40명 
17,전필,CIV2032-01,건설환경공학개론,1.0,1.0,0.0,월1.5-2.0,405-550(원흥관 1/3 E550 강의실_스마트),강주현,서울,P/F/ 팀티칭
18,전필,CSE2025-01,계산적사고법,3.0,3.0,0.0,월6.5-7.5/목8.5-9.5,401-6144(신공학관(기숙사) 6144 강의실)/401-6144(신공학관(기숙사) 6144 강의실),문봉교,서울,
19,전필,CSE2025-02,계산적사고법,3.0,3.0,0.0,월8.0-9.0/목7.0-8.0,401-6144(신공학관(기숙사) 6144 강의실)/401-6144(신공학관(기숙사) 6144 강의실),문봉교,서울,
20,전필,CSE2026-01,이산구조,3.0,3.0,0.0,화1.0-2.0/목9.0-10.0,401-5145(신공학관(기숙사) 5145 강의실)/401-5145(신공학관(기숙사) 5145 강의실),주태우,서울,
21,전필,CSE2026-02,이산구조,3.0,3.0,0.0,화9.0-10.0/목2.5-3.5,401-5145(신공학관(기숙사) 5145 강의실)/401-5145(신공학관(기숙사) 5145 강의실),주태우,서울,
22,전필,CSE2028-01,어드벤처디자인,3.0,2.0,2.0,화5.0-6.5/목5.0-6.5,405-325(원흥관 1/3 E325 원흥 PBL)/405-325(원흥관 1/3 E325 원흥 PBL),신연순,서울,
23,전필,EME2022-01,어드벤처디자인,3.0,3.0,0.0,화2.5-3.5/목2.5-3.5,405-325(원흥관 1/3 E325 원흥 PBL)/405-325(원흥관 1/3 E325 원흥 PBL),오제민,서울,수강제한 45명
24,전필,ENE2019-01,어드벤처디자인,3.0,2.0,2.0,월2.0-3.5/화2.0-3.5,310-441(중앙도서관  T-메이커실습실)/310-441(중앙도서관  T-메이커실습실),현교환,서울,P/F/수강제한 40명
25,전필,ENE2019-02,어드벤처디자인,3.0,2.0,2.0,금5.0-8.5,310-441(중앙도서관  T-메이커실습실),봉정식,서울,P/F/수강제한 40명
26,전필,INC2033-01,어드벤처디자인,3.0,2.0,2.0,월7.0-10.5,401-3163(신공학관(기숙사) 3163 정보통신공학실습실1),김은정,서울,수강제한 40명
27,전필,INC2034-01,ICT와소프트웨어,3.0,3.0,0.0,화5.0-6.0/목5.0-6.0,401-5143(신공학관(기숙사) 5143 강의실_스마트)/401-5143(신공학관(기숙사) 5143 강의실_스마트),김영부,서울,정보통신공학전공 1학년만 수강/수강제한 40명/ P/F
28,전필,INC2034-02,ICT와소프트웨어,3.0,3.0,0.0,화7.0-8.0/목7.0-8.0,401-6122(신공학관(기숙사) 6122 정보통신공학 실습실)/401-6122(신공학관(기숙사) 6122 정보통신공학 실습실),김영부,서울,정보통신공학전공 1학년만 수강/수강제한 40명/ P/F
29,전필,ISE2020-01,산업시스템공학의이해,3.0,1.0,2.0,금5.5-8.0,405-450(원흥관 1/3 E450 강의실),염세경,서울,영어강의/1학년전용/수강제한 42명
30,전필,ISE2020-02,산업시스템공학의이해,3.0,1.0,2.0,금5.5-8.0,405-127(원흥관 1/3 E127 강의실),장준호,서울,영어강의/1학년전용/수강제한 42명
31,전필,MEC2036-01,어드벤처디자인,3.0,3.0,0.0,월6.5-7.5/화6.5-7.5,405-639(원흥관 1/3 E639 특화설계실)/405-639(원흥관 1/3 E639 특화설계실),이재훈,서울,영어강의/수강제한40명
32,전필,MEC2036-02,어드벤처디자인,3.0,3.0,0.0,월6.5-7.5/화6.5-7.5,310-441(중앙도서관  T-메이커실습실)/310-441(중앙도서관  T-메이커실습실),한민우,서울,영어강의/수강제한40명
33,전필,MME2051-01,자율사물기초프로그래밍,3.0,3.0,0.0,월5.5-6.5/월7.0-8.0/수5.5-6.5/수7.0-8.0,401-4105(신공학관(기숙사) 4105 멀티미디어공학과 실습실)/401-4105(신공학관(기숙사) 4105 멀티미디어공학과 실습실)/401-4105(신공학관(기숙사) 4105 멀티미디어공학과 실습실)/401-4105(신공학관(기숙사) 4105 멀티미디어공학과 실습실),성연식,서울,영어강의/ 집중이수제(Term1)/수강제한 39명
34,전공,ARD2013-01,건축과사회,3.0,3.0,0.0,월2.0-3.0/금5.0-6.0,405-543(원흥관 1/3 E543 건축학과 세미나실)/405-543(원흥관 1/3 E543 건축학과 세미나실),이명식,서울,영어강의
35,전공,ARD2014-01,건축설계기초A,3.0,0.0,6.0,목8.0-13.5,405-404(원흥관 1/3 F404 크리틱실 1),백용운,서울,수강제한 7명
36,전공,ARD2014-02,건축설계기초A,3.0,0.0,6.0,목8.0-13.5,405-405(원흥관 1/3 F405 크리틱실 2),서상하,서울,수강제한 7명
37,전공,ARD2014-03,건축설계기초A,3.0,0.0,6.0,목8.0-13.5,405-406(원흥관 1/3 F406 교수연구실(공실)),김일석,서울,수강제한 7명
38,전공,ARD2017-01,건축기술1,3.0,3.0,0.0,수7.0-9.5,405-550(원흥관 1/3 E550 강의실_스마트),윤홍연,서울,
39,전공,CIV2005-01,응용역학,3.0,3.0,0.0,화2.0-3.0/금2.0-3.0,405-550(원흥관 1/3 E550 강의실_스마트)/405-550(원흥관 1/3 E550 강의실_스마트),이지호,서울,영어강의
40,전공,CIV2009-01,물과환경,3.0,3.0,0.0,화5.0-6.0/목5.0-6.0,405-550(원흥관 1/3 E550 강의실_스마트)/405-550(원흥관 1/3 E550 강의실_스마트),이상일,서울,
41,전공,CIV2031-01,환경화학,3.0,3.0,0.0,월2.5-3.5/수2.5-3.5,405-512(원흥관 1/3 F512 구조공학 실습실)/405-512(원흥관 1/3 F512 구조공학 실습실),강주현,서울,영어강의
42,전공,CSE2017-01,자료구조와실습,3.0,2.0,2.0,화2.0-3.5/수5.0-6.5,401-6144(신공학관(기숙사) 6144 강의실)/401-6119(신공학관(기숙사) 6119 컴퓨터공학 실습실1(ESC4)),최은만,서울,영어강의/수강인원 40명 제한
43,전공,CSE2017-02,자료구조와실습,3.0,2.0,2.0,화5.0-6.5/목2.0-3.5,401-6144(신공학관(기숙사) 6144 강의실)/401-6119(신공학관(기숙사) 6119 컴퓨터공학 실습실1(ESC4)),김준태,서울,수강인원 50명 제한
44,전공,CSE2017-03,자료구조와실습,3.0,2.0,2.0,수7.0-8.5/금5.0-6.5,401-3182(신공학관(기숙사) 3182 컴퓨터공학 실습실3)/401-3182(신공학관(기숙사) 3182 컴퓨터공학 실습실3),김시명,서울,영어강의
45,전공,EME2004-01,재료열역학1,3.0,3.0,0.0,화2.5-3.5/목2.5-3.5,401-3101(신공학관(기숙사) 3101 강의실)/401-3101(신공학관(기숙사) 3101 강의실),최창순,서울,영어강의/수강제한 45명
46,전공,EME2013-01,신소재공학개론1,3.0,3.0,0.0,월1.0-2.0/수1.0-2.0,401-5147(신공학관(기숙사) 5147 강의실)/401-5147(신공학관(기숙사) 5147 강의실),남경완,서울,영어강의/수강제한 45명
47,전공,EME2015-01,나노과학개론,3.0,3.0,0.0,월2.5-3.5/수2.5-3.5,401-3101(신공학관(기숙사) 3101 강의실)/401-3101(신공학관(기숙사) 3101 강의실),이재준,서울,영어강의/수강제한 45명
48,전공,EME2018-01,유기재료1,3.0,3.0,,화4.0-5.0/목4.0-5.0,401-3101(신공학관(기숙사) 3101 강의실)/401-3101(신공학관(기숙사) 3101 강의실),이세연,서울,영어강의/수강제한 45명
49,전공,ENE2002-01,회로이론1,3.0,3.0,0.0,화5.0-6.0/목5.0-6.0,401-5147(신공학관(기숙사) 5147 강의실)/401-5147(신공학관(기숙사) 5147 강의실),전병훈,서울,수강제한 60명
50,전공,ENE2002-02,회로이론1,3.0,3.0,0.0,목2.5-3.5/금2.5-3.5,401-5147(신공학관(기숙사) 5147 강의실)/401-5147(신공학관(기숙사) 5147 강의실),김성준,서울,영어강의/수강제한 60명
51,전공,ENE2002-03,회로이론1,3.0,3.0,0.0,목5.0-7.5,401-3107(신공학관(기숙사) 3107 강의실),송병두,서울,수강제한 60명
52,전공,ENE2002-04,회로이론1,3.0,3.0,0.0,목9.0-11.5,401-3107(신공학관(기숙사) 3107 강의실),송병두,서울,수강제한 60명
53,전공,ENE2003-01,디지털공학,3.0,3.0,0.0,수5.0-6.0/목5.0-6.0,401-3189(신공학관(기숙사) 3189 캡스톤디자인실)/401-3189(신공학관(기숙사) 3189 캡스톤디자인실),홍유표,서울,수강제한 40명
54,전공,ENE2003-02,디지털공학,3.0,3.0,0.0,수6.5-7.5/목6.5-7.5,401-3189(신공학관(기숙사) 3189 캡스톤디자인실)/401-3189(신공학관(기숙사) 3189 캡스톤디자인실),홍유표,서울,수강제한 40명
55,전공,ENE2003-03,디지털공학,3.0,3.0,0.0,수9.5-10.5/목9.5-10.5,401-3189(신공학관(기숙사) 3189 캡스톤디자인실)/401-3189(신공학관(기숙사) 3189 캡스톤디자인실),홍유표,서울,수강제한 40명
56,전공,ENE2003-04,디지털공학,3.0,3.0,0.0,월3.0-4.0/수3.0-4.0,401-3189(신공학관(기숙사) 3189 캡스톤디자인실)/401-3189(신공학관(기숙사) 3189 캡스톤디자인실),전준현,서울,수강제한 40명
57,전공,ENE2003-05,디지털공학,3.0,3.0,0.0,월5.0-6.0/수5.0-6.0,401-3133(신공학관(기숙사) 3133 전자회로실험실)/401-3133(신공학관(기숙사) 3133 전자회로실험실),전준현,서울,수강제한 40명
58,전공,ENE2003-06,디지털공학,3.0,3.0,0.0,화8.5-9.5/금6.5-7.5,401-3133(신공학관(기숙사) 3133 전자회로실험실)/401-3133(신공학관(기숙사) 3133 전자회로실험실),정대원,서울,수강제한 40명
59,전공,ENE2003-07,디지털공학,3.0,3.0,0.0,목2.0-4.5,401-3133(신공학관(기숙사) 3133 전자회로실험실),정대원,서울,수강제한 40명/ 강사 강의 예정
60,전공,ENE2005-01,물리전자공학1,3.0,3.0,0.0,화2.5-3.5/수2.5-3.5,401-5147(신공학관(기숙사) 5147 강의실)/401-5147(신공학관(기숙사) 5147 강의실),박현창,서울,수강제한 60명
61,전공,ENE2005-02,물리전자공학1,3.0,3.0,0.0,월1.0-2.0/화1.0-2.0,401-6147(신공학관(기숙사) 6147 강의실)/401-6147(신공학관(기숙사) 6147 강의실),김삼동,서울,수강제한 60명
62,전공,ENE2005-03,물리전자공학1,3.0,3.0,0.0,월2.5-3.5/화2.5-3.5,401-6147(신공학관(기숙사) 6147 강의실)/401-6147(신공학관(기숙사) 6147 강의실),김삼동,서울,수강제한 60명
63,전공,ENE2005-04,물리전자공학1,3.0,3.0,0.0,목6.5-7.5/금5.0-6.0,401-5147(신공학관(기숙사) 5147 강의실)/401-5147(신공학관(기숙사) 5147 강의실),김성준,서울,수강제한 60명
64,전공,ENE2005-05,물리전자공학1,3.0,3.0,0.0,목1.0-2.0/금1.0-2.0,401-6147(신공학관(기숙사) 6147 강의실)/401-3107(신공학관(기숙사) 3107 강의실),신재철,서울,영어강의/ 수강제한 60명/ 신임교원 예정 
65,전공,ENE2006-01,전자기학1,3.0,3.0,0.0,월5.0-6.0/화5.0-6.0,401-6147(신공학관(기숙사) 6147 강의실)/401-6147(신공학관(기숙사) 6147 강의실),김용,서울,수강제한 60명
66,전공,ENE2006-02,전자기학1,3.0,3.0,0.0,화6.5-7.5/수6.5-7.5,401-5147(신공학관(기숙사) 5147 강의실)/401-5147(신공학관(기숙사) 5147 강의실),박현창,서울,수강제한 60명
67,전공,ENE2006-04,전자기학1,3.0,3.0,0.0,수1.0-2.0/금2.5-3.5,401-6147(신공학관(기숙사) 6147 강의실)/401-3107(신공학관(기숙사) 3107 강의실),정현삼,서울,수강제한 60명
68,전공,ENE2006-05,전자기학1,3.0,3.0,0.0,월6.5-7.5/금5.0-6.0,401-5141(신공학관(기숙사) 5141 강의실_스마트)/401-5141(신공학관(기숙사) 5141 강의실_스마트),박정동,서울,수강제한 60명
69,전공,ENE2007-03,전기회로실험,1.0,0.0,2.0,수2.5-4.0,401-3155(신공학관(기숙사) 3155 디지털실험실),최한호,서울,수강제한 30명
70,전공,ENE2015-02,C언어및자료구조,3.0,2.0,2.0,월7.0-8.5/수7.0-8.5,401-3193(신공학관(기숙사) 3193 설계시뮬레이션강의실)/401-3193(신공학관(기숙사) 3193 설계시뮬레이션강의실),전준현,서울,수강제한 40명
71,전공,INC2025-01,정보통신수학및실습,3.0,2.0,2.0,화2.0-3.5/목2.0-3.5,401-6141(신공학관(기숙사) 6141 강의실)/401-6141(신공학관(기숙사) 6141 강의실),김동환,서울,수강제한 35명
72,전공,INC2025-02,정보통신수학및실습,3.0,2.0,2.0,화5.0-6.5/목5.0-6.5,401-6141(신공학관(기숙사) 6141 강의실)/401-6141(신공학관(기숙사) 6141 강의실),김동환,서울,수강제한 35명
73,전공,INC2027-01,자료구조와실습,3.0,2.0,2.0,화5.0-6.5/목5.0-6.5,401-3163(신공학관(기숙사) 3163 정보통신공학실습실1)/401-3163(신공학관(기숙사) 3163 정보통신공학실습실1),양기주,서울,수강제한 35명
74,전공,INC2027-02,자료구조와실습,3.0,2.0,2.0,화7.0-8.5/목7.0-8.5,401-3163(신공학관(기숙사) 3163 정보통신공학실습실1)/401-3163(신공학관(기숙사) 3163 정보통신공학실습실1),양기주,서울,수강제한 35명
75,전공,INC2027-03,자료구조와실습,3.0,2.0,2.0,월11.0-12.5/수11.0-12.5,401-6122(신공학관(기숙사) 6122 정보통신공학 실습실)/401-6122(신공학관(기숙사) 6122 정보통신공학 실습실),임민중,서울,수강제한 30명
76,전공,ISE2004-01,인간공학,3.0,3.0,0.0,월5.5-6.5/목5.5-6.5,405-450(원흥관 1/3 E450 강의실)/405-450(원흥관 1/3 E450 강의실),장준호,서울,수강제한 45명
77,전공,ISE2009-01,CAD및실습,3.0,3.0,0.0,화7.0-8.0/목7.0-8.0,405-305(원흥관 1/3 F305 ERP실습실)/405-305(원흥관 1/3 F305 ERP실습실),박준영,서울,영어강의/수강제한 40명
78,전공,ISE2012-01,산업시스템프로그래밍,3.0,2.0,2.0,월1.5-5.0,405-305(원흥관 1/3 F305 ERP실습실),이종태,서울,수강제한 40명
79,전공,ISE2012-02,산업시스템프로그래밍,3.0,2.0,2.0,목1.5-5.0,405-305(원흥관 1/3 F305 ERP실습실),이종태,서울,수강제한 40명
80,전공,ISE2018-01,응용통계학,3.0,3.0,0.0,수2.5-3.5/금2.5-3.5,405-450(원흥관 1/3 E450 강의실)/405-450(원흥관 1/3 E450 강의실),염세경,서울,수강제한 50명
81,전공,ISE2018-02,응용통계학,3.0,3.0,0.0,화2.5-3.5/수5.5-6.5,405-521(원흥관 1/3 F521 산업시스템 서비스공학실습실)/405-450(원흥관 1/3 E450 강의실),염세경,서울,수강제한 50명
82,전공,MEC2001-01,기계제도,2.0,0.0,4.0,월8.0-11.5,405-138(원흥관 1/3 E138 기계로봇에너지공학과 종합설계실),한민우,서울,영어강의
83,전공,MEC2001-02,기계제도,2.0,0.0,4.0,화8.0-11.5,405-138(원흥관 1/3 E138 기계로봇에너지공학과 종합설계실),한민우,서울,영어강의
84,전공,MEC2001-03,기계제도,2.0,0.0,4.0,수8.0-11.5,405-138(원흥관 1/3 E138 기계로봇에너지공학과 종합설계실),한민우,서울,영어강의
85,전공,MEC2013-01,고체역학,3.0,3.0,0.0,수2.5-3.5/금2.5-3.5,405-350(원흥관 1/3 E350 강의실)/405-350(원흥관 1/3 E350 강의실),이승준,서울,영어강의/수강제한60명
86,전공,MEC2013-02,고체역학,3.0,3.0,0.0,수5.0-6.0/목7.0-8.0,405-127(원흥관 1/3 E127 강의실)/405-127(원흥관 1/3 E127 강의실),이승준,서울,영어강의/수강제한60명
87,전공,MEC2018-01,열역학,3.0,3.0,0.0,월1.0-2.0/수2.5-3.5,405-347(원흥관 1/3 E347 강의실_스마트)/405-347(원흥관 1/3 E347 강의실_스마트),이상용,서울,영어강의/수강제한40명
88,전공,MEC2018-02,열역학,3.0,3.0,0.0,월2.5-3.5/수5.0-6.0,405-350(원흥관 1/3 E350 강의실)/405-250(원흥관 1/3 E250 강의실),이상용,서울,영어강의/수강제한40명
89,전공,MEC2034-01,로봇프로그래밍,3.0,2.0,2.0,월2.5-4.0/화2.0-3.5,405-127(원흥관 1/3 E127 강의실)/405-350(원흥관 1/3 E350 강의실),곽문규,서울,수강제한60명
90,전공,MME2042-01,멀티미디어자료구조,3.0,3.0,0.0,월5.5-6.5/화2.5-3.5,401-4147(신공학관(기숙사) 4147 강의실_스마트)/401-4147(신공학관(기숙사) 4147 강의실_스마트),이강만,서울,영어강의/수강제한 80명
91,전공,MME2046-01,멀티미디어고급프로그래밍,3.0,2.0,2.0,화5.5-7.0/목2.5-4.0,401-4105(신공학관(기숙사) 4105 멀티미디어공학과 실습실)/401-4105(신공학관(기숙사) 4105 멀티미디어공학과 실습실),조성인,서울,수강제한 35명
92,전공,MME2052-01,멀티미디어고급수학,3.0,3.0,0.0,월8.5-9.5/수8.5-9.5,401-4147(신공학관(기숙사) 4147 강의실_스마트)/401-4147(신공학관(기숙사) 4147 강의실_스마트),이철,서울,수강제한 80명
93,전공,ARD4002-01,건축환경계획,3.0,3.0,0.0,화6.0-8.5,405-250(원흥관 1/3 E250 강의실),이지훈,서울,
94,전공,ARD4004-01,건축설계1,4.0,0.0,8.0,수1.5-5.0/금7.0-10.5,405-406(원흥관 1/3 F406 교수연구실(공실))/405-406(원흥관 1/3 F406 교수연구실(공실)),이명식,서울,수강제한 9명
95,전공,ARD4004-02,건축설계1,4.0,0.0,8.0,수1.5-5.0/금7.0-10.5,405-404(원흥관 1/3 F404 크리틱실 1)/405-404(원흥관 1/3 F404 크리틱실 1),한광훈,서울,수강제한 9명
96,전공,ARD4004-03,건축설계1,4.0,0.0,8.0,수1.5-5.0/금7.0-10.5,405-405(원흥관 1/3 F405 크리틱실 2)/405-405(원흥관 1/3 F405 크리틱실 2),문정석,서울,수강제한 9명
97,전공,ARD4031-01,한국건축사,3.0,3.0,0.0,월7.0-8.0/수7.0-8.0,405-543(원흥관 1/3 E543 건축학과 세미나실)/405-543(원흥관 1/3 E543 건축학과 세미나실),조정식,서울,
98,전공,EME4014-01,반도체소자공정(캡스톤디자인),3.0,3.0,0.0,화1.0-2.0/목1.0-2.0,401-3101(신공학관(기숙사) 3101 강의실)/401-3101(신공학관(기숙사) 3101 강의실),권순철,서울,수강제한 45명
99,전공,EME4016-01,재료결정학개론,3.0,3.0,0.0,월4.0-5.0/수4.0-5.0,401-3101(신공학관(기숙사) 3101 강의실)/401-3101(신공학관(기숙사) 3101 강의실),남경완,서울,수강제한 45명
100,전공,EME4031-01,고분자화학,3.0,3.0,,월5.5-6.5/수5.5-6.5,401-3101(신공학관(기숙사) 3101 강의실)/401-3101(신공학관(기숙사) 3101 강의실),조제웅,서울,영어강의/수강제한 45명
101,전공,EME4035-01,물리화학(분광학),3.0,3.0,0.0,월7.0-8.0/수7.0-8.0,401-3101(신공학관(기숙사) 3101 강의실)/401-3101(신공학관(기숙사) 3101 강의실),권순철,서울,수강제한 45명
102,전공,EME4036-01,바이오재료학,3.0,3.0,0.0,화5.5-6.5/목5.5-6.5,401-3101(신공학관(기숙사) 3101 강의실)/401-3101(신공학관(기숙사) 3101 강의실),오제민,서울,영어강의/수강제한 45명 
103,전공,EME4037-01,융합신소재기초실험2,3.0,1.0,4.0,화8.5-13.0,401-3114(신공학관(기숙사) 3114 융합에너지신소재공학과 학부실습실),이세연,서울,수강제한15명
104,전공,EME4037-02,융합신소재기초실험2,3.0,1.0,4.0,수8.5-13.0,401-3114(신공학관(기숙사) 3114 융합에너지신소재공학과 학부실습실),최창순,서울,수강제한15명
105,전공,ENE4002-01,마이크로프로세서응용및실험,3.0,2.0,2.0,목4.5-6.0/금4.5-6.0,401-3193(신공학관(기숙사) 3193 설계시뮬레이션강의실)/401-3193(신공학관(기숙사) 3193 설계시뮬레이션강의실),김건욱,서울,수강제한 40명
106,전공,ENE4002-02,마이크로프로세서응용및실험,3.0,2.0,2.0,월4.5-6.0/화4.5-6.0,401-3189(신공학관(기숙사) 3189 캡스톤디자인실)/401-3189(신공학관(기숙사) 3189 캡스톤디자인실),현교환,서울,수강제한 40명
107,전공,ENE4004-01,고체전자소자,3.0,3.0,0.0,화1.0-2.0/수1.0-2.0,401-3107(신공학관(기숙사) 3107 강의실)/401-3107(신공학관(기숙사) 3107 강의실),김현석,서울,수강제한 60명
108,전공,ENE4004-02,고체전자소자,3.0,3.0,0.0,화2.5-3.5/수2.5-3.5,401-3107(신공학관(기숙사) 3107 강의실)/401-3107(신공학관(기숙사) 3107 강의실),김현석,서울,수강제한 60명
109,전공,ENE4006-01,전력공학1,3.0,3.0,0.0,수5.0-6.0/금5.0-6.0,401-5141(신공학관(기숙사) 5141 강의실_스마트)/401-3107(신공학관(기숙사) 3107 강의실),류상욱,서울,수강제한 60명
110,전공,ENE4006-02,전력공학1,3.0,3.0,0.0,수6.5-7.5/금6.5-7.5,401-3107(신공학관(기숙사) 3107 강의실)/401-3107(신공학관(기숙사) 3107 강의실),류상욱,서울,수강제한 60명
111,전공,ENE4007-01,전기기계1,3.0,3.0,0.0,월6.5-7.5/화6.5-7.5,401-3107(신공학관(기숙사) 3107 강의실)/401-3107(신공학관(기숙사) 3107 강의실),한기진,서울,영어강의/수강제한 60명
112,전공,ENE4007-02,전기기계1,3.0,3.0,0.0,월8.0-9.0/화8.0-9.0,401-3107(신공학관(기숙사) 3107 강의실)/401-3107(신공학관(기숙사) 3107 강의실),한기진,서울,영어강의/수강제한 60명
113,전공,ENE4008-01,전기전자재료공학,3.0,3.0,0.0,목1.0-3.5,401-3107(신공학관(기숙사) 3107 강의실),송병두,서울,수강제한 60명
114,전공,ENE4010-01,컴퓨터구조및설계,3.0,3.0,0.0,수8.0-9.0/목8.0-9.0,401-3189(신공학관(기숙사) 3189 캡스톤디자인실)/401-3189(신공학관(기숙사) 3189 캡스톤디자인실),홍유표,서울,수강제한 40명
115,전공,ENE4010-02,컴퓨터구조및설계,3.0,3.0,0.0,금10.0-13.0,401-3189(신공학관(기숙사) 3189 캡스톤디자인실),홍유표,서울,수강제한 40명
116,전공,ENE4014-01,디지털신호처리및설계,3.0,3.0,0.0,월2.5-3.5/화2.5-3.5,401-3193(신공학관(기숙사) 3193 설계시뮬레이션강의실)/401-3193(신공학관(기숙사) 3193 설계시뮬레이션강의실),원치선,서울,수강제한 38명
117,전공,ENE4014-02,디지털신호처리및설계,3.0,3.0,0.0,목6.5-7.5/금6.5-7.5,401-3193(신공학관(기숙사) 3193 설계시뮬레이션강의실)/401-3193(신공학관(기숙사) 3193 설계시뮬레이션강의실),김건욱,서울,수강제한 40명
118,전공,ENE4014-03,디지털신호처리및설계,3.0,3.0,0.0,월8.0-9.0/금2.5-3.5,401-5141(신공학관(기숙사) 5141 강의실_스마트)/401-3189(신공학관(기숙사) 3189 캡스톤디자인실),박강령,서울,수강제한 40명
119,전공,ENE4044-01,랜덤신호이론,3.0,3.0,0.0,월5.0-6.0/화5.0-6.0,401-3193(신공학관(기숙사) 3193 설계시뮬레이션강의실)/401-3193(신공학관(기숙사) 3193 설계시뮬레이션강의실),원치선,서울,수강제한 38명
120,전공,ENE4044-02,랜덤신호이론,3.0,3.0,0.0,월7.0-7.5/수4.5-6.0,401-5147(신공학관(기숙사) 5147 강의실)/401-5147(신공학관(기숙사) 5147 강의실),황승훈,서울,수강제한 60명
121,전공,ENE4046-01,통신이론,3.0,3.0,0.0,수6.5-7.5/목6.5-7.5,401-6147(신공학관(기숙사) 6147 강의실)/401-6147(신공학관(기숙사) 6147 강의실),손인수,서울,영어강의/수강제한 60명
122,전공,ENE4063-01,전자회로1,3.0,3.0,0.0,목2.5-3.5/금2.5-3.5,401-6147(신공학관(기숙사) 6147 강의실)/401-6147(신공학관(기숙사) 6147 강의실),변상진,서울,수강제한 60명
123,전공,ENE4063-02,전자회로1,3.0,3.0,0.0,월2.5-3.5/화6.5-7.5,401-3107(신공학관(기숙사) 3107 강의실)/401-5141(신공학관(기숙사) 5141 강의실_스마트),박정동,서울,수강제한 60명
124,전공,ENE4063-03,전자회로1,3.0,3.0,0.0,목1.0-2.0/금1.0-2.0,401-5147(신공학관(기숙사) 5147 강의실)/401-5147(신공학관(기숙사) 5147 강의실),김성준,서울,수강제한 60명
125,전공,ENE4063-04,전자회로1,3.0,3.0,0.0,목5.0-6.0/금8.0-9.0,401-6147(신공학관(기숙사) 6147 강의실)/401-6147(신공학관(기숙사) 6147 강의실),신재철,서울,수강제한 60명/신임교원 강의예정
126,전공,ENE4070-01,초고주파공학,3.0,2.0,2.0,화8.0-9.5/금8.0-9.5,401-5141(신공학관(기숙사) 5141 강의실_스마트)/401-3189(신공학관(기숙사) 3189 캡스톤디자인실),박정동,서울,영어강의/수강제한 40명 
127,전공,ISE4002-01,생산및운영관리,3.0,3.0,0.0,화7.0-8.0/목7.0-8.0,405-521(원흥관 1/3 F521 산업시스템 서비스공학실습실)/405-521(원흥관 1/3 F521 산업시스템 서비스공학실습실),전성범,서울,영어강의/수강제한 50명
128,전공,ISE4014-01,경영과학2,3.0,3.0,0.0,화8.5-9.5/목8.5-9.5,405-305(원흥관 1/3 F305 ERP실습실)/405-305(원흥관 1/3 F305 ERP실습실),홍성조,서울,수강제한 40명
129,전공,ISE4037-01,실험계획법,3.0,3.0,0.0,화5.5-6.5/목5.5-6.5,405-305(원흥관 1/3 F305 ERP실습실)/405-305(원흥관 1/3 F305 ERP실습실),홍성조,서울,수강제한 45명
130,전공,ISE4043-01,머신러닝,3.0,2.0,1.0,화2.5-5.0,405-505(원흥관 1/3 F505 자료분석실습실),이종태,서울,수강제한 30명
131,전공,ISE4043-02,머신러닝,3.0,2.0,1.0,월2.5-3.5/수2.5-3.5,405-505(원흥관 1/3 F505 자료분석실습실)/405-505(원흥관 1/3 F505 자료분석실습실),손영두,서울,수강제한 30명
132,전공,MEC4048-01,열전달,3.0,3.0,0.0,월2.0-3.0/화1.0-2.0,405-639(원흥관 1/3 E639 특화설계실)/405-639(원흥관 1/3 E639 특화설계실),송명호,서울,
133,전공,MEC4060-01,기계설계,3.0,3.0,0.0,월5.0-6.0/수2.5-3.5,405-350(원흥관 1/3 E350 강의실)/405-639(원흥관 1/3 E639 특화설계실),고봉환,서울,수강제한40명
134,전공,MEC4060-02,기계설계,3.0,3.0,0.0,화5.0-6.0/수5.0-6.0,405-350(원흥관 1/3 E350 강의실)/405-350(원흥관 1/3 E350 강의실),고봉환,서울,수강제한40명
135,전공,MEC4061-01,에너지응용공학,3.0,3.0,0.0,월8.0-9.0/목5.0-6.0,405-350(원흥관 1/3 E350 강의실)/405-350(원흥관 1/3 E350 강의실),송명호,서울,수강제한65명
136,전공,MEC4066-01,센서및계측,3.0,3.0,0.0,월6.5-7.5/화6.5-7.5,405-350(원흥관 1/3 E350 강의실)/405-350(원흥관 1/3 E350 강의실),방세윤,서울,영어강의/수강제한40명
137,전공,MEC4095-01,재료학,3.0,3.0,0.0,수6.5-7.5/목2.5-3.5,405-127(원흥관 1/3 E127 강의실)/405-350(원흥관 1/3 E350 강의실),이승준,서울,영어강의/수강제한60명
138,전공,MME4011-01,멀티미디어데이타베이스,3.0,3.0,0.0,수5.5-6.5/목2.5-3.5,401-4147(신공학관(기숙사) 4147 강의실_스마트)/401-4147(신공학관(기숙사) 4147 강의실_스마트),이강만,서울,수강제한 50명
139,전공,MME4098-01,멀티미디어운영체제,3.0,3.0,,화5.5-8.0,401-4147(신공학관(기숙사) 4147 강의실_스마트),정영식,서울,수강제한 80명
140,전공,MME4109-01,3D스크립트프로그래밍(캡스톤디자인),3.0,3.0,,월2.0-3.0/월3.5-4.5/화1.5-2.5/화3.0-4.0,401-4105(신공학관(기숙사) 4105 멀티미디어공학과 실습실)/401-4105(신공학관(기숙사) 4105 멀티미디어공학과 실습실)/401-4105(신공학관(기숙사) 4105 멀티미디어공학과 실습실)/401-4105(신공학관(기숙사) 4105 멀티미디어공학과 실습실),조경은,서울,"집중이수제(Term1)/수강제한 40명
 영어강의"
141,전공,MME4113-01,자율사물지능,3.0,3.0,0.0,월2.0-3.0/월3.5-4.5/화1.5-2.5/화3.0-4.0,401-4105(신공학관(기숙사) 4105 멀티미디어공학과 실습실)/401-4105(신공학관(기숙사) 4105 멀티미디어공학과 실습실)/401-4105(신공학관(기숙사) 4105 멀티미디어공학과 실습실)/401-4105(신공학관(기숙사) 4105 멀티미디어공학과 실습실),조경은,서울,집중이수제(Term2)/수강제한 40명 영어강의
142,전공,MME4114-01,자율사물가상현실,3.0,3.0,0.0,월5.5-6.5/목5.5-6.5,401-4137(신공학관(기숙사) 4137 멀티미디어공학과 학부실습실1)/401-4137(신공학관(기숙사) 4137 멀티미디어공학과 학부실습실1),윤승현,서울,수강제한 35명
143,전공,MME4119-01,디지털신호처리,3.0,3.0,0.0,월7.0-8.0/수7.0-8.0,401-4147(신공학관(기숙사) 4147 강의실_스마트)/401-4147(신공학관(기숙사) 4147 강의실_스마트),이철,서울,영어강의/수강제한 80명
144,전공,ARD4012-01,건축종합설계1,5.0,0.0,10.0,월8.5-13.0/수8.5-13.0,405-405(원흥관 1/3 F405 크리틱실 2)/405-405(원흥관 1/3 F405 크리틱실 2),조정식,서울,수강제한 9명
145,전공,ARD4012-02,건축종합설계1,5.0,0.0,10.0,월8.5-13.0/수8.5-13.0,405-404(원흥관 1/3 F404 크리틱실 1)/405-404(원흥관 1/3 F404 크리틱실 1),조한신,서울,수강제한 9명
146,전공,ARD4012-03,건축종합설계1,5.0,0.0,10.0,월8.5-13.0/수8.5-13.0,405-406(원흥관 1/3 F406 교수연구실(공실))/405-406(원흥관 1/3 F406 교수연구실(공실)),최민기,서울,수강제한 9명 팀티칭
147,전공,ARD4032-01,재료와구법,3.0,2.0,2.0,화1.5-5.0,405-541(원흥관 1/3 E541 강의실),백성진,서울,팀티칭
148,전공,ARD4037-01,건축과도시설계,3.0,3.0,0.0,화8.0-9.0/금2.5-3.5,405-541(원흥관 1/3 E541 강의실)/405-541(원흥관 1/3 E541 강의실),김태혁,서울,
149,전공,ARD4039-01,건축실무와법제도,3.0,0.0,3.0,목1.5-4.0,405-541(원흥관 1/3 E541 강의실),백용운,서울,
150,전공,CSE4085-01,머신러닝,3.0,2.0,2.0,수7.0-8.5/목7.0-8.5,401-6144(신공학관(기숙사) 6144 강의실)/401-6119(신공학관(기숙사) 6119 컴퓨터공학 실습실1(ESC4)),김준태,서울,수강인원 50명 제한
151,전공,EME4006-01,촉매재료,3.0,3.0,0.0,화7.0-8.0/목7.0-8.0,401-3101(신공학관(기숙사) 3101 강의실)/401-3101(신공학관(기숙사) 3101 강의실),최창순,서울,수강제한 45명
152,전공,EME4038-01,융합신소재기초실험3,3.0,1.0,4.0,금6.0-10.5,401-3114(신공학관(기숙사) 3114 융합에너지신소재공학과 학부실습실),조제웅,서울,수강제한 15명
153,전공,EME4038-02,융합신소재기초실험3,3.0,1.0,4.0,금1.0-5.5,401-3114(신공학관(기숙사) 3114 융합에너지신소재공학과 학부실습실),오제민,서울,수강제한 15명
154,전공,ENE4024-01,광전자공학,3.0,3.0,0.0,월6.5-7.5/화6.5-7.5,401-6147(신공학관(기숙사) 6147 강의실)/401-6147(신공학관(기숙사) 6147 강의실),김삼동,서울,수강제한 60명
155,전공,ENE4025-01,디지털집적회로설계,3.0,2.0,2.0,목8.0-9.5/금4.5-6.0,401-5147(신공학관(기숙사) 5147 강의실)/401-3133(신공학관(기숙사) 3133 전자회로실험실),변상진,서울,수강제한 30명
156,전공,ENE4025-02,디지털집적회로설계,3.0,2.0,2.0,수8.0-9.5/금8.0-9.5,401-3133(신공학관(기숙사) 3133 전자회로실험실)/401-5147(신공학관(기숙사) 5147 강의실),변상진,서울,수강제한 30명
157,전공,ENE4026-01,전력전자공학,3.0,3.0,0.0,수5.0-6.0/금1.0-2.0,401-6147(신공학관(기숙사) 6147 강의실)/401-6147(신공학관(기숙사) 6147 강의실),정현삼,서울,영어강의/수강제한 60명
158,전공,ENE4027-01,전자에너지변환공학,3.0,3.0,0.0,목2.5-3.5/금2.5-3.5,401-5141(신공학관(기숙사) 5141 강의실_스마트)/401-5141(신공학관(기숙사) 5141 강의실_스마트),한기진,서울,수강제한 60명
159,전공,ENE4031-01,로봇공학,3.0,3.0,0.0,화1.0-2.0/수1.0-2.0,401-5141(신공학관(기숙사) 5141 강의실_스마트)/401-5141(신공학관(기숙사) 5141 강의실_스마트),김민성,서울,영어강의/수강제한 60명
160,전공,ENE4039-01,캡스톤디자인,3.0,2.0,2.0,수10.0-13.5,401-3193(신공학관(기숙사) 3193 설계시뮬레이션강의실),전준현,서울,P/F/수강제한 30명
161,전공,ENE4039-02,캡스톤디자인,3.0,2.0,2.0,월10.0-11.5/금10.0-11.5,401-3193(신공학관(기숙사) 3193 설계시뮬레이션강의실)/401-3193(신공학관(기숙사) 3193 설계시뮬레이션강의실),최한호,서울,P/F/수강제한 30명
162,전공,ENE4039-03,캡스톤디자인,3.0,2.0,2.0,화10.0-11.5/목10.0-11.5,401-3193(신공학관(기숙사) 3193 설계시뮬레이션강의실)/401-3193(신공학관(기숙사) 3193 설계시뮬레이션강의실),최한호,서울,P/F/수강제한 30명
163,전공,ENE4039-04,캡스톤디자인,3.0,2.0,2.0,수10.0-13.5,401-4127(신공학관(기숙사) 4127 전기기계실험실),최한호,서울,P/F/수강제한 30명
164,전공,ENE4039-05,캡스톤디자인,3.0,2.0,2.0,화10.0-11.5/목10.0-11.5,401-4127(신공학관(기숙사) 4127 전기기계실험실)/401-4127(신공학관(기숙사) 4127 전기기계실험실),전병훈,서울,P/F/수강제한 30명
165,전공,ENE4054-01,전력시스템응용,3.0,3.0,0.0,화5.0-6.0/목5.0-6.0,401-5141(신공학관(기숙사) 5141 강의실_스마트)/401-5141(신공학관(기숙사) 5141 강의실_스마트),류상욱,서울,수강제한 60명
166,전공,ENE4059-01,영상및딥러닝프로그래밍,3.0,3.0,0.0,월5.0-6.0/금6.5-7.5,401-5141(신공학관(기숙사) 5141 강의실_스마트)/401-3189(신공학관(기숙사) 3189 캡스톤디자인실),박강령,서울,수강제한 40명
167,전공,ENE4067-01,현대제어공학,3.0,3.0,,월1.0-2.0/수2.5-3.5,401-5141(신공학관(기숙사) 5141 강의실_스마트)/401-5141(신공학관(기숙사) 5141 강의실_스마트),김민성,서울,영어강의/수강제한 60명
168,전공,ENE4072-01,IoT통신및실습,3.0,2.0,2.0,월8.0-9.5/화8.0-9.5,401-3189(신공학관(기숙사) 3189 캡스톤디자인실)/401-3189(신공학관(기숙사) 3189 캡스톤디자인실),현교환,서울,수강제한 40명
169,전공,ENE4073-01,전기설비공학개론,3.0,3.0,0.0,월2.5-3.5/화2.5-3.5,401-5141(신공학관(기숙사) 5141 강의실_스마트)/401-5141(신공학관(기숙사) 5141 강의실_스마트),김민성,서울,수강제한 60명
170,전공,INC4084-01,캡스톤디자인1,3.0,2.0,2.0,목10.0-13.5,401-6141(신공학관(기숙사) 6141 강의실),김웅섭,서울,수강제한 32명
171,전공,INC4084-02,캡스톤디자인1,3.0,2.0,2.0,목10.0-13.5,401-5143(신공학관(기숙사) 5143 강의실_스마트),김동환,서울,수강제한 30명
172,전공,ISE4008-01,금융공학입문,3.0,3.0,0.0,월5.5-6.5/수5.5-6.5,405-505(원흥관 1/3 F505 자료분석실습실)/405-505(원흥관 1/3 F505 자료분석실습실),손영두,서울,영어강의/수강제한 30명
173,전공,ISE4011-01,프로젝트관리,3.0,3.0,0.0,수7.5-10.0,405-450(원흥관 1/3 E450 강의실),서용윤,서울,영어강의/수강제한 50명
174,전공,ISE4026-01,산업시스템공학종합설계,3.0,3.0,0.0,금1.0-3.5,405-127(원흥관 1/3 E127 강의실),박준영,서울,산업시스템공학과전용강의/수강제한 40명
175,전공,ISE4026-02,산업시스템공학종합설계,3.0,3.0,0.0,금1.0-3.5,405-325(원흥관 1/3 E325 원흥 PBL),장준호,서울,산업시스템공학과전용강의/수강제한 40명
176,전공,ISE4029-01,서비스공학,3.0,3.0,0.0,화2.5-5.0,405-450(원흥관 1/3 E450 강의실),윤병운,서울,수강제한 40명
177,전공,ISE4032-01,정보시스템통합및실습,3.0,2.0,2.0,금5.5-9.0,405-347(원흥관 1/3 E347 강의실_스마트),김소정,서울,영어강의/수강제한 40명
178,전공,ISE4041-01,데이터어낼리틱스,3.0,3.0,0.0,월7.0-8.0/화7.0-8.0,405-450(원흥관 1/3 E450 강의실)/405-450(원흥관 1/3 E450 강의실),윤병운,서울,수강제한 40명
179,전공,MEC4042-01,CAE,3.0,3.0,0.0,월5.0-6.0/수2.5-3.5,405-138(원흥관 1/3 E138 기계로봇에너지공학과 종합설계실)/405-138(원흥관 1/3 E138 기계로봇에너지공학과 종합설계실),방세윤,서울,수강제한20명
180,전공,MEC4042-02,CAE,3.0,3.0,0.0,화5.0-6.0/수5.0-6.0,405-138(원흥관 1/3 E138 기계로봇에너지공학과 종합설계실)/405-138(원흥관 1/3 E138 기계로봇에너지공학과 종합설계실),방세윤,서울,수강제한20명
181,전공,MEC4073-01,로봇동역학,3.0,3.0,0.0,월6.5-7.5/수6.5-7.5,405-127(원흥관 1/3 E127 강의실)/405-350(원흥관 1/3 E350 강의실),김흥수,서울,영어강의/수강제한60명
182,전공,MEC4080-01,트랙별종합설계프로젝트,4.0,1.0,6.0,수8.0-14.5,405-250(원흥관 1/3 E250 강의실),이재훈,서울,영어강의/수강제한25명
183,전공,MEC4080-02,트랙별종합설계프로젝트,4.0,1.0,6.0,수8.0-14.5,405-350(원흥관 1/3 E350 강의실),김흥수,서울,영어강의/수강제한25명
184,전공,MEC4080-03,트랙별종합설계프로젝트,4.0,1.0,6.0,수8.0-14.5,405-127(원흥관 1/3 E127 강의실),이상용,서울,영어강의/수강제한25명
185,전공,MME4090-01,종합설계(캡스톤디자인),3.0,3.0,0.0,화8.5-11.0,401-4147(신공학관(기숙사) 4147 강의실_스마트),이철,서울,팀티칭/수강제한 80명
186,전공,MME4102-01,멀티미디어사운드처리,3.0,3.0,,화5.5-6.5/화7.0-8.0/목5.5-6.5/목7.0-8.0,310-411(중앙도서관  T-PBL실)/310-411(중앙도서관  T-PBL실)/310-411(중앙도서관  T-PBL실)/310-411(중앙도서관  T-PBL실),성연식,서울,집중이수제(Term1)/수강제한 19명
187,전공,MME4115-01,로봇비전시스템,3.0,3.0,0.0,월2.5-3.5/수2.5-3.5,401-4147(신공학관(기숙사) 4147 강의실_스마트)/401-4147(신공학관(기숙사) 4147 강의실_스마트),조성인,서울,영어강의/수강제한 35명
188,학기,PRI4027-01,이산수학,3.0,3.0,0.0,월4.0-5.0/수3.0-4.0,408-321(정보문화관Q Q301 강의실)/408-321(정보문화관Q Q301 강의실),정화용,서울,
189,학기,PRI4027-02,이산수학,3.0,3.0,0.0,월8.5-9.5/수6.0-7.0,207-623(혜화관 G607 강의실)/207-623(혜화관 G607 강의실),안영아,서울,
190,학기,PRI4027-03,이산수학,3.0,3.0,0.0,수4.5-5.5/금4.0-5.0,102-221(학술/문화관 K221 221 강의실)/102-221(학술/문화관 K221 221 강의실),안영아,서울,
191,학기,PRI4033-01,지구환경과학,3.0,3.0,0.0,월4.0-5.0/수3.0-4.0,501-203(학림관 J212 강의실)/501-203(학림관 J212 강의실),조봉연,서울,
192,학기,PRI4033-02,지구환경과학,3.0,3.0,0.0,수10.0-12.5,407-B122(정보문화관P P205 강의실),김태범,서울,
193,학기,PRI4035-01,프로그래밍기초와실습,3.0,2.0,2.0,월4.0-5.5/수3.0-4.5,408-221(정보문화관Q Q201 (Q) 공용컴퓨터실)/303-214(법학/만해관 B264 (B) 공용컴퓨터실),김윤선,서울,
194,학기,PRI4035-02,프로그래밍기초와실습,3.0,2.0,2.0,월8.5-10.0/수6.0-7.0,401-3115(신공학관(기숙사) 3115 (T) 공용컴퓨터실)/401-3115(신공학관(기숙사) 3115 (T) 공용컴퓨터실),정화용,서울,
195,학기,PRI4035-03,프로그래밍기초와실습,3.0,2.0,2.0,화4.0-5.5/목4.0-5.5,102-211(학술/문화관 K211 (K) 공용컴퓨터실)/102-211(학술/문화관 K211 (K) 공용컴퓨터실),김신우,서울,
196,학기,PRI4035-04,프로그래밍기초와실습,3.0,2.0,2.0,화6.0-7.5/금6.0-7.5,405-318(원흥관 1/3 F318 (F) 공용컴퓨터실)/405-318(원흥관 1/3 F318 (F) 공용컴퓨터실),김신우,서울,
197,학기,PRI4035-05,프로그래밍기초와실습,3.0,2.0,2.0,화8.0-9.5/목8.5-10.0,405-318(원흥관 1/3 F318 (F) 공용컴퓨터실)/405-318(원흥관 1/3 F318 (F) 공용컴퓨터실),정진우,서울,
198,학기,PRI4035-06,프로그래밍기초와실습,3.0,2.0,2.0,수4.5-6.0/금4.0-5.5,405-318(원흥관 1/3 F318 (F) 공용컴퓨터실)/405-318(원흥관 1/3 F318 (F) 공용컴퓨터실),이명숙,서울,
199,학기,PRI4035-07,프로그래밍기초와실습,3.0,2.0,2.0,수8.0-9.5/금8.0-9.5,401-3115(신공학관(기숙사) 3115 (T) 공용컴퓨터실)/401-3115(신공학관(기숙사) 3115 (T) 공용컴퓨터실),송양의,서울,
200,학기,PRI4035-08,프로그래밍기초와실습,3.0,2.0,2.0,수8.0-9.5/금8.0-9.5,202-463(사회과학/경영관 L432 (L) 공용컴퓨터실)/202-463(사회과학/경영관 L432 (L) 공용컴퓨터실),김경자,서울,
201,학기,PRI4035-09,프로그래밍기초와실습,3.0,2.0,2.0,월10.5-14.0,401-3115(신공학관(기숙사) 3115 (T) 공용컴퓨터실),홍성옥,서울,
202,학기,PRI4035-10,프로그래밍기초와실습,3.0,2.0,2.0,수10.0-13.5,401-3115(신공학관(기숙사) 3115 (T) 공용컴퓨터실),홍성옥,서울,
203,학기,PRI4036-01,수치해석및실습,3.0,3.0,0.0,화2.5-3.5/목2.5-3.5,307-333(명진관 A333 강의실)/307-333(명진관 A333 강의실),윤인식,서울,
204,학기,PRI4036-02,수치해석및실습,3.0,3.0,0.0,화4.0-5.0/목4.0-5.0,407-B122(정보문화관P P205 강의실)/407-B122(정보문화관P P205 강의실),윤인식,서울,
205,학기,PRI4036-03,수치해석및실습,3.0,3.0,0.0,월8.5-9.5/수6.0-7.0,407-B108(정보문화관P P203 강의실)/407-B108(정보문화관P P203 강의실),박기두,서울,
206,학기,PRI4036-04,수치해석및실습,3.0,3.0,0.0,수10.0-12.5,408-329(정보문화관Q Q302 강의실),박기두,서울,
207,학기,PRI4039-01,인터넷프로그래밍,3.0,2.0,2.0,화4.0-5.5/목4.0-5.5,202-463(사회과학/경영관 L432 (L) 공용컴퓨터실)/202-463(사회과학/경영관 L432 (L) 공용컴퓨터실),윤덕희,서울,
208,학기,PRI4039-02,인터넷프로그래밍,3.0,2.0,2.0,화8.0-9.5/목8.5-10.0,202-463(사회과학/경영관 L432 (L) 공용컴퓨터실)/202-463(사회과학/경영관 L432 (L) 공용컴퓨터실),장은실,서울,
209,학기,PRI4039-03,인터넷프로그래밍,3.0,2.0,2.0,목10.5-14.0,202-463(사회과학/경영관 L432 (L) 공용컴퓨터실),봉정식,서울,
210,학기,PRI4041-01,공학경제,3.0,3.0,0.0,월4.0-5.0/수3.0-4.0,501-316(학림관 J315 강의실)/501-316(학림관 J315 강의실),김소정,서울,2-4학년대상
211,학기,PRI4041-02,공학경제,3.0,3.0,0.0,월8.5-9.5/수6.0-7.0,501-316(학림관 J315 강의실)/501-316(학림관 J315 강의실),서용윤,서울,2-4학년대상
212,학기,PRI4041-03,공학경제,3.0,3.0,0.0,화4.0-5.0/목4.0-5.0,501-316(학림관 J315 강의실)/501-316(학림관 J315 강의실),전성범,서울,2-4학년대상
213,학기,PRI4041-04,공학경제,3.0,3.0,0.0,수8.0-9.0/금8.0-9.0,501-316(학림관 J315 강의실)/501-316(학림관 J315 강의실),김재국,서울,2-4학년대상
214,학기,PRI4041-05,공학경제,3.0,3.0,0.0,화10.0-12.5,407-B105(정보문화관P P202 강의실),홍성조,서울,2-4학년대상
215,전필,DUF2003-01,IntroductiontoEngineering,1.0,1.0,0.0,수5.0-5.5,405-639(원흥관 1/3 E639 특화설계실),성관제,서울,영어강의/기계로봇에너지공학과 1학년 전용/ 수강제한 20명 
216,전필,DUF2003-02,IntroductiontoEngineering,1.0,1.0,0.0,수6.0-6.5,405-639(원흥관 1/3 E639 특화설계실),성관제,서울,영어강의/기계로봇에너지공학과 1학년 전용/ 수강제한 20명 
217,전필,DUF2003-03,IntroductiontoEngineering,1.0,1.0,0.0,수7.0-7.5,405-639(원흥관 1/3 E639 특화설계실),성관제,서울,영어강의/기계로봇에너지공학과 1학년 전용/ 수강제한 20명 
218,전필,ARC2015-01,재료역학,3.0,3.0,0.0,월5.0-6.0/수5.0-6.0,405-541(원흥관 1/3 E541 강의실)/405-541(원흥관 1/3 E541 강의실),박관순,서울,영어강의/수강제한 40명 
219,전필,ARC2020-01,건조역학1,3.0,3.0,0.0,수2.0-3.0/금2.0-3.0,405-543(원흥관 1/3 E543 건축학과 세미나실)/405-543(원흥관 1/3 E543 건축학과 세미나실),성은희,서울,수강제한 40명 
220,전필,ARC2024-01,건축열환경공학,3.0,3.0,0.0,화3.5-4.5/목1.5-2.5,405-543(원흥관 1/3 E543 건축학과 세미나실)/405-543(원흥관 1/3 E543 건축학과 세미나실),양인호,서울,영어강의/수강제한 40명
221,전필,ARC2026-01,어드벤처디자인,3.0,3.0,0.0,월8.5-11.0,405-541(원흥관 1/3 E541 강의실),조대구,서울,수강제한 50명
222,전필,CEN2018-01,공업물리화학,3.0,3.0,0.0,월1.0-2.0/수1.0-2.0,405-250(원흥관 1/3 E250 강의실)/405-250(원흥관 1/3 E250 강의실),김교범,서울,수강제한40명
223,전필,CEN2018-02,공업물리화학,3.0,3.0,0.0,월4.0-5.0/금4.0-5.0,405-250(원흥관 1/3 E250 강의실)/405-250(원흥관 1/3 E250 강의실),박명철,서울,수강제한60명
224,전필,CEN2022-01,화공양론,3.0,3.0,0.0,화8.5-9.5/목7.0-8.0,405-347(원흥관 1/3 E347 강의실_스마트)/405-347(원흥관 1/3 E347 강의실_스마트),원기훈,서울,수강제한60명
225,전필,CEN2022-02,화공양론,3.0,3.0,0.0,월5.5-6.5/수7.0-8.0,405-650(원흥관 1/3 E650 강의실_스마트)/405-650(원흥관 1/3 E650 강의실_스마트),강택진,서울,수강제한60명
226,전필,CEN2026-01,재료공학,3.0,3.0,0.0,월2.5-3.5/수2.5-3.5,405-650(원흥관 1/3 E650 강의실_스마트)/405-650(원흥관 1/3 E650 강의실_스마트),한정인,서울,수강제한50명 영어강의
227,전필,CEN2028-01,응용미생물학,3.0,3.0,0.0,월7.0-8.0/수5.5-6.5,405-347(원흥관 1/3 E347 강의실_스마트)/405-347(원흥관 1/3 E347 강의실_스마트),원기훈,서울,수강제한40명
228,전필,CEN2030-01,공업유기화학1,3.0,3.0,0.0,화2.5-3.5/목2.5-3.5,405-650(원흥관 1/3 E650 강의실_스마트)/405-650(원흥관 1/3 E650 강의실_스마트),박상권,서울,수강제한60명
229,전필,CEN2030-02,공업유기화학1,3.0,3.0,0.0,목5.5-6.5/금2.5-3.5,405-650(원흥관 1/3 E650 강의실_스마트)/405-650(원흥관 1/3 E650 강의실_스마트),박상권,서울,수강제한60명
230,전필,CEN2032-01,화공생물공학개론,1.0,1.0,0.0,수8.5-9.0,405-347(원흥관 1/3 E347 강의실_스마트),강택진,서울,P/F/ 1학년 대상/ 수강제한 70명 팀티칭
231,전필,CSE2014-01,기초프로그래밍,3.0,2.0,2.0,화7.0-8.5/수2.0-3.5,401-3182(신공학관(기숙사) 3182 컴퓨터공학 실습실3)/401-3183(신공학관(기숙사) 3183 컴퓨터공학 실습실2),김명준,서울,
232,전필,CSE2014-02,기초프로그래밍,3.0,2.0,2.0,월6.0-7.5/수7.0-8.5,401-6119(신공학관(기숙사) 6119 컴퓨터공학 실습실1(ESC4))/401-6119(신공학관(기숙사) 6119 컴퓨터공학 실습실1(ESC4)),안종석,서울,수강인원 40명 제한
233,전필,CSE2014-03,기초프로그래밍,3.0,2.0,2.0,수9.0-10.5/금2.0-3.5,401-3182(신공학관(기숙사) 3182 컴퓨터공학 실습실3)/401-3182(신공학관(기숙사) 3182 컴퓨터공학 실습실3),김시명,서울,
234,전필,CSE2014-04,기초프로그래밍,3.0,2.0,2.0,수5.0-6.5/목2.0-3.5,401-6144(신공학관(기숙사) 6144 강의실)/401-3183(신공학관(기숙사) 3183 컴퓨터공학 실습실2),김명준,서울,
235,전필,CSE2018-01,컴퓨터구성,3.0,2.0,2.0,월2.0-3.5/화7.0-8.5,401-6144(신공학관(기숙사) 6144 강의실)/401-6119(신공학관(기숙사) 6119 컴퓨터공학 실습실1(ESC4)),장태무,서울,
236,전필,CSE2018-02,컴퓨터구성,3.0,2.0,2.0,월0.0-1.5/화1.0-2.5,401-6144(신공학관(기숙사) 6144 강의실)/401-6119(신공학관(기숙사) 6119 컴퓨터공학 실습실1(ESC4)),장태무,서울,
237,전필,CSE2018-03,컴퓨터구성,3.0,2.0,2.0,화5.0-6.5/금2.0-3.5,303-211(법학/만해관 B263 강의실)/401-3183(신공학관(기숙사) 3183 컴퓨터공학 실습실2),김경자,서울,
238,전필,CSE2022-01,심화프로그래밍,3.0,2.0,2.0,화2.0-3.5/수2.0-3.5,401-3182(신공학관(기숙사) 3182 컴퓨터공학 실습실3)/401-6119(신공학관(기숙사) 6119 컴퓨터공학 실습실1(ESC4)),윤성림,서울,수강인원 32명
239,전필,CSE2022-02,심화프로그래밍,3.0,2.0,2.0,월7.0-8.5/화5.0-6.5,401-3182(신공학관(기숙사) 3182 컴퓨터공학 실습실3)/401-3182(신공학관(기숙사) 3182 컴퓨터공학 실습실3),윤성림,서울,수강인원 32명
240,전필,CSE2027-01,객체지향프로그래밍,3.0,2.0,2.0,화2.0-3.5/수9.0-10.5,401-10144(신공학관(기숙사) 10144 컴퓨터공학과 세미나실2)/401-3183(신공학관(기숙사) 3183 컴퓨터공학 실습실2),이호정,서울,
241,전필,CSE2027-02,객체지향프로그래밍,3.0,2.0,2.0,수7.0-8.5/목5.0-6.5,401-3183(신공학관(기숙사) 3183 컴퓨터공학 실습실2)/401-3182(신공학관(기숙사) 3182 컴퓨터공학 실습실3),박재철,서울,
242,전필,CSE2027-03,객체지향프로그래밍,3.0,2.0,2.0,화9.0-10.5/목2.0-3.5,401-3183(신공학관(기숙사) 3183 컴퓨터공학 실습실2)/401-3182(신공학관(기숙사) 3182 컴퓨터공학 실습실3),박재철,서울,
243,전필,CSE2027-04,객체지향프로그래밍,3.0,2.0,2.0,월9.0-10.5/목7.0-8.5,401-3182(신공학관(기숙사) 3182 컴퓨터공학 실습실3)/401-3182(신공학관(기숙사) 3182 컴퓨터공학 실습실3),한인,서울,
244,전필,MME2050-01,어드벤처디자인,3.0,3.0,0.0,목5.5-8.0,401-4147(신공학관(기숙사) 4147 강의실_스마트),조성인,서울,수강제한 50명
245,전공,ARC4036-01,건설시공및공법2,3.0,3.0,0.0,월2.5-3.5/수2.5-3.5,405-541(원흥관 1/3 E541 강의실)/405-541(원흥관 1/3 E541 강의실),이재섭,서울,수강제한 40명
246,전공,ARC4037-01,설계도서및견적,3.0,2.0,2.0,금8.0-11.5,405-543(원흥관 1/3 E543 건축학과 세미나실),황광범,서울,
247,전공,ARC4046-01,건축구조해석,3.0,3.0,0.0,화5.0-6.0/목5.0-6.0,405-543(원흥관 1/3 E543 건축학과 세미나실)/405-543(원흥관 1/3 E543 건축학과 세미나실),박관순,서울,영어강의/수강제한 20명
248,전공,ARC4057-01,건축공학종합설계1,3.0,1.0,4.0,수8.5-13.0,405-543(원흥관 1/3 E543 건축학과 세미나실),최종수,서울,수강제한 40명
249,전공,ARC4057-02,건축공학종합설계1,3.0,1.0,4.0,수8.5-13.0,405-541(원흥관 1/3 E541 강의실),양인호,서울,수강제한 40명
250,전공,ARC4061-01,건설사업관리,3.0,3.0,1.0,월4.5-6.0/수4.5-6.0,405-543(원흥관 1/3 E543 건축학과 세미나실)/405-543(원흥관 1/3 E543 건축학과 세미나실),최종수,서울,영어강의/수강제한 40명
251,전공,ARC4062-01,건물유틸리티및방재시스템,3.0,3.0,0.0,화1.5-2.5/목3.5-4.5,405-543(원흥관 1/3 E543 건축학과 세미나실)/405-543(원흥관 1/3 E543 건축학과 세미나실),양인호,서울,수강제한 40명
252,전공,ARC4063-01,건축리스크관리,3.0,2.0,2.0,화8.5-12.0,405-543(원흥관 1/3 E543 건축학과 세미나실),박관순,서울,팀티칭/수강제한 40명
253,전공,ARC4065-01,철근콘크리트설계1,3.0,3.0,0.0,화7.0-8.0/목7.0-8.0,405-543(원흥관 1/3 E543 건축학과 세미나실)/405-543(원흥관 1/3 E543 건축학과 세미나실),유승룡,서울,수강제한 40명
254,전공,CEN4039-01,반응공학,3.0,3.0,0.0,화7.0-8.0/금5.5-6.5,405-650(원흥관 1/3 E650 강의실_스마트)/405-650(원흥관 1/3 E650 강의실_스마트),박상권,서울,수강제한60명
255,전공,CEN4039-02,반응공학,3.0,3.0,0.0,화8.5-9.5/수5.5-6.5,405-650(원흥관 1/3 E650 강의실_스마트)/405-650(원흥관 1/3 E650 강의실_스마트),박상권,서울,수강제한60명
256,전공,CEN4043-01,생물화학공학,3.0,3.0,0.0,월4.0-5.0/화4.0-5.0,405-347(원흥관 1/3 E347 강의실_스마트)/405-347(원흥관 1/3 E347 강의실_스마트),원기훈,서울,수강제한60명
257,전공,CEN4043-02,생물화학공학,3.0,3.0,0.0,월1.0-2.0/수2.5-3.5,405-650(원흥관 1/3 E650 강의실_스마트)/405-250(원흥관 1/3 E250 강의실),강택진,서울,수강제한60명
258,전공,CEN4046-01,콜로이드공학,3.0,3.0,0.0,월2.5-3.5/금2.5-3.5,405-250(원흥관 1/3 E250 강의실)/405-250(원흥관 1/3 E250 강의실),임종주,서울,수강제한25명 영어강의
259,전공,CEN4049-01,화공열역학,3.0,3.0,0.0,월4.0-5.0/수1.0-2.0,405-650(원흥관 1/3 E650 강의실_스마트)/405-650(원흥관 1/3 E650 강의실_스마트),마이클존빈스,서울,수강제한50명 팀티칭 영어강의(English Course)
260,전공,CEN4049-02,화공열역학,3.0,3.0,0.0,월5.5-6.5/화4.0-5.0,405-347(원흥관 1/3 E347 강의실_스마트)/405-127(원흥관 1/3 E127 강의실),마이클존빈스,서울,수강제한60명 영어강의
261,전공,CEN4050-01,화공유체역학,3.0,3.0,0.0,화1.0-2.0/목5.5-6.5,405-250(원흥관 1/3 E250 강의실)/405-250(원흥관 1/3 E250 강의실),홍성규,서울,수강제한60명
262,전공,CEN4050-02,화공유체역학,3.0,3.0,0.0,월1.0-2.0/수2.5-3.5,405-127(원흥관 1/3 E127 강의실)/405-127(원흥관 1/3 E127 강의실),마이클존빈스,서울,수강제한60명 영어강의
263,전공,CEN4051-01,화학공정제어,3.0,3.0,0.0,월8.5-9.5/화5.5-6.5,405-650(원흥관 1/3 E650 강의실_스마트)/405-650(원흥관 1/3 E650 강의실_스마트),마이클존빈스,서울,수강제한60명 영어강의
264,전공,CEN4068-01,화공생물공학단위조작실험1,3.0,0.0,6.0,월7.0-12.5,405-134(원흥관 1/3 E134 화공생물공학 실험실),임종주,서울,수강제한25명
265,전공,CEN4068-02,화공생물공학단위조작실험1,3.0,0.0,6.0,수7.0-12.5,405-134(원흥관 1/3 E134 화공생물공학 실험실),홍성규,서울,수강제한25명
266,전공,CEN4068-03,화공생물공학단위조작실험1,3.0,0.0,6.0,목7.0-12.5,405-134(원흥관 1/3 E134 화공생물공학 실험실),박상권,서울,수강제한25명
267,전공,CEN4068-04,화공생물공학단위조작실험1,3.0,0.0,6.0,금7.0-12.5,405-134(원흥관 1/3 E134 화공생물공학 실험실),한정인,서울,수강제한25명
268,전공,CEN4069-01,화공생물공학단위조작실험2,3.0,0.0,6.0,화7.0-12.5,405-240(원흥관 1/3 E240 화공생물공학실험실3),박상진,서울,수강제한27명
269,전공,CEN4069-02,화공생물공학단위조작실험2,3.0,0.0,6.0,수7.0-12.5,405-240(원흥관 1/3 E240 화공생물공학실험실3),김교범,서울,수강제한27명
270,전공,CEN4069-03,화공생물공학단위조작실험2,3.0,0.0,6.0,목7.0-12.5,405-240(원흥관 1/3 E240 화공생물공학실험실3),최민재,서울,수강제한27명
271,전공,CEN4069-04,화공생물공학단위조작실험2,3.0,0.0,6.0,금7.0-12.5,405-240(원흥관 1/3 E240 화공생물공학실험실3),강택진,서울,수강제한27명
272,전공,CEN4073-01,화장품및바이오소재,3.0,3.0,,화5.5-6.5/금2.5-3.5,405-347(원흥관 1/3 E347 강의실_스마트)/405-347(원흥관 1/3 E347 강의실_스마트),최현경,서울,수강제한50명
273,전공,CEN4075-01,단위조작,3.0,3.0,,월7.0-8.0/수4.0-5.0,405-650(원흥관 1/3 E650 강의실_스마트)/405-650(원흥관 1/3 E650 강의실_스마트),이의수,서울,수강제한50명
274,전공,CEN4077-01,고분자소재 및 응용,3.0,3.0,0.0,월5.5-6.5/금5.5-6.5,405-250(원흥관 1/3 E250 강의실)/405-250(원흥관 1/3 E250 강의실),박명철,서울,수강제한60명
275,전공,CEN4079-01,분자생명공학,3.0,3.0,0.0,화2.5-3.5/목2.5-3.5,405-250(원흥관 1/3 E250 강의실)/405-250(원흥관 1/3 E250 강의실),김교범,서울,수강제한40명 영어강의
276,전공,CEN4080-01,에너지소재및소자개론,3.0,3.0,0.0,화2.5-3.5/목5.5-6.5,405-347(원흥관 1/3 E347 강의실_스마트)/405-347(원흥관 1/3 E347 강의실_스마트),최민재,서울,수강제한50명
277,전공,CEN4081-01,화공생물공학종합설계,3.0,3.0,0.0,목2.5-5.0,405-347(원흥관 1/3 E347 강의실_스마트),최민재,서울,수강제한30명
278,전공,CEN4081-02,화공생물공학종합설계,3.0,3.0,0.0,목2.5-5.0,405-127(원흥관 1/3 E127 강의실),이재철,서울,수강제한30명
279,전공,CIV4005-01,구조역학,3.0,3.0,0.0,화3.5-4.5/금3.5-4.5,405-550(원흥관 1/3 E550 강의실_스마트)/405-550(원흥관 1/3 E550 강의실_스마트),이지호,서울,영어강의
280,전공,CIV4010-01,토질역학1및실험,3.0,2.0,2.0,월2.5-4.0/수2.5-4.0,405-550(원흥관 1/3 E550 강의실_스마트)/405-550(원흥관 1/3 E550 강의실_스마트),김범주,서울,
281,전공,CIV4015-01,수리학및실험,3.0,2.0,2.0,화7.5-9.0/목7.5-9.0,405-550(원흥관 1/3 E550 강의실_스마트)/405-550(원흥관 1/3 E550 강의실_스마트),이상일,서울,
282,전공,CIV4020-01,건설프로젝트관리,3.0,3.0,0.0,금7.0-9.5,405-550(원흥관 1/3 E550 강의실_스마트),조지훈,서울,
283,전공,CIV4041-01,기초공학,3.0,3.0,0.0,금1.0-3.5,405-546(원흥관 1/3 E546 건설환경 학과세미나실),장연수,서울,영어강의
284,전공,CIV4061-01,철근콘크리트,3.0,3.0,0.0,월5.0-6.0/목2.5-3.5,405-550(원흥관 1/3 E550 강의실_스마트)/405-550(원흥관 1/3 E550 강의실_스마트),이지호,서울,영어강의
285,전공,CIV4066-01,수처리플랜트공학및실험,3.0,2.0,2.0,월6.5-8.0/수5.0-6.5,405-302(원흥관 1/3 F302 환경공학실험실)/405-550(원흥관 1/3 E550 강의실_스마트),조봉연,서울,영어강의
286,전공,CIV4068-01,건설환경캡스톤디자인,3.0,1.0,4.0,금5.0-9.5,405-512(원흥관 1/3 F512 구조공학 실습실),강주현,서울,
287,전공,CIV4071-01,지반방재공학,3.0,3.0,0.0,월7.5-8.5/수7.5-8.5,405-512(원흥관 1/3 F512 구조공학 실습실)/405-512(원흥관 1/3 F512 구조공학 실습실),김범주,서울,영어강의
288,전공,CSE4029-01,컴퓨터알고리즘과실습,3.0,2.0,2.0,월2.0-3.5/수5.0-6.5,401-3182(신공학관(기숙사) 3182 컴퓨터공학 실습실3)/401-3182(신공학관(기숙사) 3182 컴퓨터공학 실습실3),주종화,서울,수강인원 32명 제한
289,전공,CSE4029-02,컴퓨터알고리즘과실습,3.0,2.0,2.0,화5.0-6.5/목5.0-6.5,401-10120(신공학관(기숙사) 10120 컴퓨터공학 세미나실1)/401-10144(신공학관(기숙사) 10144 컴퓨터공학과 세미나실2),주종화,서울,수강인원 25명 제한
290,전공,CSE4031-01,형식언어,3.0,3.0,0.0,수10.0-11.0/금2.5-3.5,401-5145(신공학관(기숙사) 5145 강의실)/401-5145(신공학관(기숙사) 5145 강의실),손윤식,서울,
291,전공,CSE4031-02,형식언어,3.0,3.0,0.0,화5.5-6.5/금5.5-6.5,401-5145(신공학관(기숙사) 5145 강의실)/401-5145(신공학관(기숙사) 5145 강의실),손윤식,서울,
292,전공,CSE4033-01,운영체제,3.0,3.0,0.0,월8.0-9.0/수8.5-9.5,401-5145(신공학관(기숙사) 5145 강의실)/401-5145(신공학관(기숙사) 5145 강의실),이강우,서울,
293,전공,CSE4033-02,운영체제,3.0,3.0,0.0,화7.0-8.0/목5.5-6.5,401-6144(신공학관(기숙사) 6144 강의실)/401-6144(신공학관(기숙사) 6144 강의실),정준호,서울,수강인원 72명 제한
294,전공,CSE4037-01,데이터베이스시스템,3.0,3.0,0.0,월2.0-3.0/수7.0-8.0,401-5145(신공학관(기숙사) 5145 강의실)/401-5145(신공학관(기숙사) 5145 강의실),이용규,서울,
295,전공,CSE4037-02,데이터베이스시스템,3.0,3.0,0.0,월5.5-6.5/수2.0-3.0,401-5145(신공학관(기숙사) 5145 강의실)/401-5145(신공학관(기숙사) 5145 강의실),이용규,서울,
296,전공,CSE4043-01,컴퓨터네트워킹,3.0,3.0,0.0,화7.0-8.0/목7.5-8.5,401-5145(신공학관(기숙사) 5145 강의실)/401-5145(신공학관(기숙사) 5145 강의실),안종석,서울,수강인원 50명 제한
297,전공,CSE4043-02,컴퓨터네트워킹,3.0,3.0,0.0,화2.5-3.5/목5.5-6.5,401-5145(신공학관(기숙사) 5145 강의실)/401-5145(신공학관(기숙사) 5145 강의실),안종석,서울,수강인원 50명 제한
298,전공,CSE4044-01,컴퓨터보안,3.0,2.0,2.0,월5.0-6.5/수5.0-6.5,401-3183(신공학관(기숙사) 3183 컴퓨터공학 실습실2)/401-3183(신공학관(기숙사) 3183 컴퓨터공학 실습실2),정준호,서울,
299,전공,CSE4044-02,컴퓨터보안,3.0,2.0,2.0,월9.5-11.0/금6.0-7.5,401-6119(신공학관(기숙사) 6119 컴퓨터공학 실습실1(ESC4))/401-6144(신공학관(기숙사) 6144 강의실),문봉교,서울,
300,전공,CSE4051-01,객체지향설계와패턴,3.0,2.0,2.0,화5.0-6.5/수2.0-3.5,401-6119(신공학관(기숙사) 6119 컴퓨터공학 실습실1(ESC4))/401-6144(신공학관(기숙사) 6144 강의실),최은만,서울,
301,전공,CSE4060-01,컴퓨터그래픽스입문,3.0,2.0,2.0,수9.0-10.5/금2.0-3.5,401-6119(신공학관(기숙사) 6119 컴퓨터공학 실습실1(ESC4))/401-6119(신공학관(기숙사) 6119 컴퓨터공학 실습실1(ESC4)),강태선,서울,
302,전공,CSE4060-02,컴퓨터그래픽스입문,3.0,2.0,2.0,수5.0-6.5/금5.0-6.5,401-5145(신공학관(기숙사) 5145 강의실)/401-6119(신공학관(기숙사) 6119 컴퓨터공학 실습실1(ESC4)),강태선,서울,
303,전공,CSE4061-01,S/W품질관리및테스팅,3.0,2.0,2.0,목2.0-3.5/목5.0-6.5,401-6144(신공학관(기숙사) 6144 강의실)/401-6119(신공학관(기숙사) 6119 컴퓨터공학 실습실1(ESC4)),이호정,서울,
304,전공,CSE4066-01,컴퓨터공학종합설계1,3.0,2.0,2.0,월7.0-8.5/금8.0-9.5,401-10144(신공학관(기숙사) 10144 컴퓨터공학과 세미나실2)/401-10144(신공학관(기숙사) 10144 컴퓨터공학과 세미나실2),주종화,서울,영어강의/수강인원 28명 제한
305,전공,CSE4066-02,컴퓨터공학종합설계1,3.0,2.0,2.0,화9.0-10.5/금8.0-9.5,401-6144(신공학관(기숙사) 6144 강의실)/401-6144(신공학관(기숙사) 6144 강의실),안종석,서울,영어강의/수강인원 28명 제한
306,전공,CSE4066-03,컴퓨터공학종합설계1,3.0,2.0,2.0,화9.0-10.5/금8.0-9.5,401-3182(신공학관(기숙사) 3182 컴퓨터공학 실습실3)/401-3182(신공학관(기숙사) 3182 컴퓨터공학 실습실3),손윤식,서울,영어강의/수강인원 28명 제한
307,전공,CSE4066-04,컴퓨터공학종합설계1,3.0,2.0,2.0,화10.0-11.5/금8.0-9.5,401-6119(신공학관(기숙사) 6119 컴퓨터공학 실습실1(ESC4))/401-6119(신공학관(기숙사) 6119 컴퓨터공학 실습실1(ESC4)),정진우,서울,영어강의/수강인원 28명 제한
308,전공,CSE4067-01,컴퓨터공학종합설계2,3.0,2.0,2.0,월7.5-9.0/금8.0-9.5,401-3183(신공학관(기숙사) 3183 컴퓨터공학 실습실2)/401-3183(신공학관(기숙사) 3183 컴퓨터공학 실습실2),정준호,서울,영어강의/수강인원 28명 제한
309,전공,CSE4073-01,인간컴퓨터상호작용시스템,3.0,2.0,2.0,화5.0-6.5/목5.0-6.5,401-3183(신공학관(기숙사) 3183 컴퓨터공학 실습실2)/401-3183(신공학관(기숙사) 3183 컴퓨터공학 실습실2),정진우,서울,영어강의
310,전공,CSE4074-01,공개SW프로젝트,3.0,2.0,2.0,월2.0-3.5/목7.0-8.5,401-3183(신공학관(기숙사) 3183 컴퓨터공학 실습실2)/401-3183(신공학관(기숙사) 3183 컴퓨터공학 실습실2),손윤식,서울,
311,전공,CSE4074-02,공개SW프로젝트,3.0,2.0,2.0,화2.5-4.0/금5.5-7.0,401-3183(신공학관(기숙사) 3183 컴퓨터공학 실습실2)/401-3183(신공학관(기숙사) 3183 컴퓨터공학 실습실2),정준호,서울,수강인원 41명 제한
312,전공,CSE4082-01,데이터분석 및 실습,3.0,2.0,2.0,월5.0-6.5/수2.0-3.5,401-3182(신공학관(기숙사) 3182 컴퓨터공학 실습실3)/401-3182(신공학관(기숙사) 3182 컴퓨터공학 실습실3),주종화,서울,수강인원 32명 제한
313,전공,CSE4083-01,양자컴퓨팅,3.0,3.0,0.0,월5.0-6.0/목10.0-11.0,401-6144(신공학관(기숙사) 6144 강의실)/401-6144(신공학관(기숙사) 6144 강의실),문봉교,서울,
314,전공,DES4024-01,기업사회맞춤형캡스톤디자인1,3.0,0.0,3.0,목7.0-9.5,407-227(정보문화관P P405 강의실),한기용,서울,P/F
315,전공,DES4024-02,기업사회맞춤형캡스톤디자인1,3.0,0.0,3.0,수7.0-9.5,401-4161(신공학관(기숙사) 4161 종합설계실습실),이태원,서울,P/F
316,전공,DES4024-03,기업사회맞춤형캡스톤디자인1,3.0,0.0,3.0,토6.0-8.5,401-4161(신공학관(기숙사) 4161 종합설계실습실),유석창,서울,P/F/ 기업 매칭 후 선발
317,전공,DES4024-04,기업사회맞춤형캡스톤디자인1,3.0,0.0,3.0,화6.0-8.5,401-4161(신공학관(기숙사) 4161 종합설계실습실),박승곤,서울,P/F/ 기업 매칭 후 선발
318,전공,DES4031-01,기술창업캡스톤디자인1,3.0,3.0,0.0,화10.0-12.5,405-347(원흥관 1/3 E347 강의실_스마트),정기수,서울,
319,전공,DES4031-02,기술창업캡스톤디자인1,3.0,3.0,0.0,수10.0-12.5,405-347(원흥관 1/3 E347 강의실_스마트),이태현,서울,
320,전공,INC4056-01,통신이론및실험,3.0,2.0,2.0,월2.0-3.5/수2.0-3.5,401-3163(신공학관(기숙사) 3163 정보통신공학실습실1)/401-3163(신공학관(기숙사) 3163 정보통신공학실습실1),임민중,서울,수강제한 30명
321,전공,INC4056-02,통신이론및실험,3.0,2.0,2.0,월5.0-6.5/수5.0-6.5,401-3163(신공학관(기숙사) 3163 정보통신공학실습실1)/401-3163(신공학관(기숙사) 3163 정보통신공학실습실1),임민중,서울,수강제한 30명
322,전공,INC4056-03,통신이론및실험,3.0,2.0,2.0,화9.0-10.5/목9.0-10.5,401-3163(신공학관(기숙사) 3163 정보통신공학실습실1)/401-3163(신공학관(기숙사) 3163 정보통신공학실습실1),임대운,서울,수강제한 30명
323,전공,INC4058-01,데이터통신,3.0,2.0,2.0,화2.0-3.5/목2.0-3.5,401-6122(신공학관(기숙사) 6122 정보통신공학 실습실)/401-6122(신공학관(기숙사) 6122 정보통신공학 실습실),최병석,서울,수강제한 37명
324,전공,INC4058-02,데이터통신,3.0,2.0,2.0,월2.0-3.5/수2.0-3.5,401-6141(신공학관(기숙사) 6141 강의실)/401-6141(신공학관(기숙사) 6141 강의실),이재훈,서울,수강제한 35명
325,전공,INC4058-03,데이터통신,3.0,2.0,2.0,월7.0-8.5/수7.0-8.5,401-6141(신공학관(기숙사) 6141 강의실)/401-6141(신공학관(기숙사) 6141 강의실),이재훈,서울,수강제한 35명
326,전공,INC4059-01,운영체제,3.0,2.0,2.0,화2.0-3.5/목2.0-3.5,401-5143(신공학관(기숙사) 5143 강의실_스마트)/401-3165(신공학관(기숙사) 3165 정보통신공학실습실2),김양우,서울,수강제한 40명
327,전공,INC4059-02,운영체제,3.0,2.0,2.0,화7.0-8.5/목7.0-8.5,401-5143(신공학관(기숙사) 5143 강의실_스마트)/401-3165(신공학관(기숙사) 3165 정보통신공학실습실2),김양우,서울,수강제한 40명
328,전공,INC4061-01,디지털신호처리,3.0,2.0,2.0,월5.0-6.5/수5.0-6.5,401-6141(신공학관(기숙사) 6141 강의실)/401-6141(신공학관(기숙사) 6141 강의실),류철,서울,수강제한 35명
329,전공,INC4061-02,디지털신호처리,3.0,2.0,2.0,월7.0-8.5/수7.0-8.5,401-6122(신공학관(기숙사) 6122 정보통신공학 실습실)/401-6122(신공학관(기숙사) 6122 정보통신공학 실습실),류철,서울,수강제한 35명
330,전공,INC4067-01,초고속통신망,3.0,2.0,2.0,월5.0-6.5/수5.0-6.5,401-6122(신공학관(기숙사) 6122 정보통신공학 실습실)/401-6122(신공학관(기숙사) 6122 정보통신공학 실습실),이재훈,서울,수강제한 30명
331,전공,INC4069-01,인터네트워킹,3.0,2.0,2.0,화5.0-6.5/목5.0-6.5,401-6122(신공학관(기숙사) 6122 정보통신공학 실습실)/401-6122(신공학관(기숙사) 6122 정보통신공학 실습실),최병석,서울,수강제한 37명
332,전공,INC4070-01,무선통신및실험,3.0,2.0,2.0,월9.0-10.5/수9.0-10.5,401-6122(신공학관(기숙사) 6122 정보통신공학 실습실)/401-6122(신공학관(기숙사) 6122 정보통신공학 실습실),임민중,서울,수강제한 38명
333,전공,INC4089-01,암(ARM)마이크로프로세서어셈블리언어프로그래밍,3.0,2.0,2.0,화7.0-8.5/목7.0-8.5,401-6141(신공학관(기숙사) 6141 강의실)/401-6141(신공학관(기숙사) 6141 강의실),김동환,서울,수강제한 55명
334,전공,INC4093-01,소프트웨어공학및설계,3.0,2.0,2.0,화2.0-3.5/목2.0-3.5,401-3165(신공학관(기숙사) 3165 정보통신공학실습실2)/401-5143(신공학관(기숙사) 5143 강의실_스마트),김웅섭,서울,영어강의/수강제한 35명
335,전공,INC4093-02,소프트웨어공학및설계,3.0,2.0,2.0,화5.0-6.5/목5.0-6.5,401-3165(신공학관(기숙사) 3165 정보통신공학실습실2)/401-3165(신공학관(기숙사) 3165 정보통신공학실습실2),김웅섭,서울,영어강의/수강제한 35명
336,전공,INC4096-01,머신러닝,3.0,3.0,0.0,월2.0-3.0/수2.0-3.0,401-3165(신공학관(기숙사) 3165 정보통신공학실습실2)/401-3165(신공학관(기숙사) 3165 정보통신공학실습실2),이창환,서울,영어강의/수강제한 37명
337,전공,INC4101-01,데이터압축,3.0,3.0,,월2.5-3.5/수2.5-3.5,401-6122(신공학관(기숙사) 6122 정보통신공학 실습실)/401-6122(신공학관(기숙사) 6122 정보통신공학 실습실),류철,서울,수강제한 35명
338,학기,PRI4050-01,공감과소통의공학교육,1.0,1.0,0.0,월8.0-8.5,405-127(원흥관 1/3 E127 강의실),강미경,서울,P/F/ 
339,학기,PRI4050-02,공감과소통의공학교육,1.0,1.0,0.0,월9.0-9.5,405-127(원흥관 1/3 E127 강의실),강미경,서울,P/F/ 
340,학기,PRI4051-01,산업수학,3.0,3.0,0.0,월2.5-3.5/수2.5-3.5,401-5143(신공학관(기숙사) 5143 강의실_스마트)/401-5143(신공학관(기숙사) 5143 강의실_스마트),이기송,서울,영어강의/ 정보통신공학전공 일괄배정 예정 강좌
341,학기,PRI4051-02,산업수학,3.0,3.0,0.0,화4.0-5.0/목4.0-5.0,405-250(원흥관 1/3 E250 강의실)/405-250(원흥관 1/3 E250 강의실),성관제,서울,기계로봇에너지공학과 2학년 일괄배정 예정 강좌
342,학기,PRI4051-04,산업수학,3.0,3.0,0.0,화6.5-7.5/목6.5-7.5,405-541(원흥관 1/3 E541 강의실)/405-541(원흥관 1/3 E541 강의실),박관순,서울,영어강의/ 건축공학부 일괄배정 예정 강좌
343,학기,PRI4051-05,산업수학,3.0,3.0,0.0,월5.0-6.0/수5.0-6.0,401-5143(신공학관(기숙사) 5143 강의실_스마트)/401-5143(신공학관(기숙사) 5143 강의실_스마트),이기송,서울,정보통신공학전공 일괄배정 예정 강좌
344,일교,EGC4039-01,공학윤리,3.0,3.0,0.0,화8.0-9.0/목8.5-9.5,501-314(학림관 J314 강의실)/501-314(학림관 J314 강의실),박종용,서울,
345,일교,EGC4039-02,공학윤리,3.0,3.0,0.0,화4.0-5.0/목4.0-5.0,501-314(학림관 J314 강의실)/501-314(학림관 J314 강의실),김성환,서울,
346,일교,EGC4039-03,공학윤리,3.0,3.0,0.0,수8.0-9.0/금8.0-9.0,501-314(학림관 J314 강의실)/501-314(학림관 J314 강의실),김성환,서울,
347,일교,EGC4039-04,공학윤리,3.0,3.0,0.0,화10.0-12.5,501-314(학림관 J314 강의실),박진희,서울,
348,일교,EGC4039-05,공학윤리,3.0,3.0,0.0,월6.0-7.0/수6.0-7.0,401-2166(신공학관(기숙사) 2166 강의실)/401-2166(신공학관(기숙사) 2166 강의실),박종용,서울,
349,일교,EGC4039-06,공학윤리,3.0,3.0,0.0,화6.0-7.0/목8.5-9.5,401-2166(신공학관(기숙사) 2166 강의실)/401-2166(신공학관(기숙사) 2166 강의실),문재태,서울,팀티칭
350,일교,EGC4039-07,공학윤리,3.0,3.0,0.0,목10.0-12.5,401-2166(신공학관(기숙사) 2166 강의실),문재태,서울,팀티칭
351,일교,EGC5018-01,색채와 과학,3.0,3.0,0.0,화4.0-5.0/목4.0-5.0,407-203(정보문화관P P401 강의실_스마트)/407-203(정보문화관P P401 강의실_스마트),홍성규,서울,수강제한40명
352,일교,EGC7026-01,기술창조와특허,3.0,1.5,1.5,화1.0-3.5,405-127(원흥관 1/3 E127 강의실),오승택,서울,
353,일교,EGC7026-02,기술창조와특허,3.0,1.5,1.5,화8.0-10.5,405-127(원흥관 1/3 E127 강의실),오승택,서울,
354,일교,EGC7026-03,기술창조와특허,3.0,1.5,1.5,목6.5-9.0,401-5141(신공학관(기숙사) 5141 강의실_스마트),이용태,서울,
355,일교,EGC7026-04,기술창조와특허,3.0,1.5,1.5,월10.5-13.0,405-127(원흥관 1/3 E127 강의실),김효성,서울,
356,일교,EGC7026-05,기술창조와특허,3.0,1.5,1.5,수6.5-9.0,401-5141(신공학관(기숙사) 5141 강의실_스마트),이용태,서울,
357,전공,DES2001-01,커리어멘토링,3.0,3.0,0.0,화9.0-11.5,401-6141(신공학관(기숙사) 6141 강의실),류철,서울,정보통신공학전공 재학생만 수강가능/ 수강제한 30명/ P/F
358,공교,RGC1030-01,BasicEAS,0.0,0.0,2.0,월1.0-2.5,102-362(학술/문화관 K362 362 강의실),김상미,서울,실시간원격(Webex강의)/ S4그룹
359,공교,RGC1030-02,BasicEAS,0.0,0.0,2.0,월1.0-2.5,102-456(학술/문화관 K456 456 강의실),오정민,서울,실시간원격(Webex강의)/ S4그룹
360,공교,RGC1030-03,BasicEAS,0.0,0.0,2.0,월5.5-7.0,102-458(학술/문화관 K458 458 강의실),안삼경,서울,실시간원격(Webex강의)/ S4그룹
361,공교,RGC1030-05,BasicEAS,0.0,0.0,2.0,화1.0-2.5,102-456(학술/문화관 K456 456 강의실),김남희,서울,실시간원격(Webex강의)/ S4그룹
362,공교,RGC1030-06,BasicEAS,0.0,0.0,2.0,수1.0-2.5,102-441(학술/문화관 K441 441 강의실),박효진,서울,실시간원격(Webex강의)/ S4그룹
363,공교,RGC1030-07,BasicEAS,0.0,0.0,2.0,수1.0-2.5,102-443(학술/문화관 K443 443 강의실),박경선,서울,실시간원격(Webex강의)/ S4그룹
364,공교,RGC1030-08,BasicEAS,0.0,0.0,2.0,목1.0-2.5,102-362(학술/문화관 K362 362 강의실),정원일,서울,실시간원격(Webex강의)/ S4그룹
365,공교,RGC1030-09,BasicEAS,0.0,0.0,2.0,목5.5-7.0,102-454(학술/문화관 K454 454 강의실),김남희,서울,실시간원격(Webex강의)/ S4그룹
366,공교,RGC1030-10,BasicEAS,0.0,0.0,2.0,목5.5-7.0,102-458(학술/문화관 K458 458 강의실),안삼경,서울,실시간원격(Webex강의)/ S4그룹
367,공교,RGC1030-11,BasicEAS,0.0,0.0,2.0,목1.0-2.5,102-241(학술/문화관 K241 241 강의실),류수용,서울,실시간원격(Webex강의)/ S4그룹
368,공교,RGC1030-12,BasicEAS,0.0,0.0,2.0,월11.0-12.5,202-174(사회과학/경영관 L101 강의실),박경선,서울,실시간원격(Webex강의)/ S4그룹
369,공교,RGC1030-13,BasicEAS,0.0,0.0,2.0,목11.0-12.5,102-456(학술/문화관 K456 456 강의실),방찬혁,서울,실시간원격(Webex강의)/ S4그룹
370,공교,RGC1030-14,BasicEAS,0.0,0.0,2.0,수1.0-2.5,102-439(학술/문화관 K439 439 강의실),한미애,서울,실시간원격(Webex강의)/ S4그룹/ 외국인 전용/ S4그룹
371,공교,RGC1030-15,BasicEAS,0.0,0.0,2.0,수4.0-5.5,501-415(학림관 J415 강의실),김상미,일산,실시간원격(Webex강의)/ S4그룹/ BMC개설/ S4그룹
372,일교,EGC2061-01,성장문학과나의자화상,3.0,3.0,0.0,화6.0-7.0/금6.0-7.0,501-231(학림관 J201 강의실)/501-231(학림관 J201 강의실),정윤길,서울,
373,일교,EGC2065-01,글로벌한국사,3.0,3.0,0.0,화4.0-5.0/목4.0-5.0,102-344(학술/문화관 K344 344 강의실)/102-344(학술/문화관 K344 344 강의실),이승호,서울,
374,일교,EGC2065-02,글로벌한국사,3.0,3.0,0.0,화4.0-5.0/목4.0-5.0,408-321(정보문화관Q Q301 강의실)/408-321(정보문화관Q Q301 강의실),김성연,서울,
375,일교,EGC2067-01,삶과죽음의철학,3.0,3.0,0.0,화8.0-9.0/목8.5-9.5,102-342(학술/문화관 K342 342 강의실)/102-342(학술/문화관 K342 342 강의실),황인욱,서울,
376,일교,EGC2086-01,대학과청년문화,3.0,3.0,0.0,월4.0-5.0/수3.0-4.0,102-357(학술/문화관 K357 357 강의실)/102-357(학술/문화관 K357 357 강의실),조은애,서울,
377,일교,EGC2087-01,세계문학속의인권,3.0,3.0,0.0,수8.0-9.0/금8.0-9.0,102-221(학술/문화관 K221 221 강의실)/102-221(학술/문화관 K221 221 강의실),정영효,서울,
378,일교,EGC2095-01,글로벌에콜로지컬히스토리,3.0,3.0,0.0,월8.5-9.5/수6.0-7.0,407-B105(정보문화관P P202 강의실)/407-B105(정보문화관P P202 강의실),양홍석,서울,
379,일교,EGC2110-01,동아시아의역사와문화,3.0,3.0,0.0,월8.5-9.5/수6.0-7.0,501-304(학림관 J311 강의실)/501-304(학림관 J311 강의실),서인범,서울,
380,일교,EGC2117-01,동유라시아 세계 물품의 문명·문화사,3.0,3.0,0.0,화4.0-5.0/목4.0-5.0,102-356(학술/문화관 K356 356 강의실)/102-356(학술/문화관 K356 356 강의실),김택경,서울,
381,일교,EGC2118-01,이야기와 노래,3.0,3.0,0.0,월8.5-9.5/수6.0-7.0,102-356(학술/문화관 K356 356 강의실)/102-356(학술/문화관 K356 356 강의실),김일환,서울,
382,일교,EGC2119-01,지도 위의 문학,3.0,3.0,0.0,화4.0-5.0/목4.0-5.0,102-315(학술/문화관 K315 315 강의실)/102-315(학술/문화관 K315 315 강의실),정환국,서울,
383,일교,EGC2120-01,바다로 읽는 동아시아 문명문화사,3.0,3.0,0.0,화8.0-9.0/목8.5-9.5,501-415(학림관 J415 강의실)/501-415(학림관 J415 강의실),김병모,서울,
384,일교,EGC2121-01,시와예술적상상력,3.0,3.0,0.0,월4.0-5.0/수3.0-4.0,202-356(사회과학/경영관 L309 강의실)/202-356(사회과학/경영관 L309 강의실),박형준,서울,
385,일교,EGC2123-01,인간에 관하여,3.0,3.0,0.0,화4.0-5.0/목4.0-5.0,501-413(학림관 J414 강의실)/501-413(학림관 J414 강의실),황인욱,서울,
386,일교,EGC2125-01,교유와 치유의 한시감상,3.0,3.0,0.0,월4.0-5.0/수3.0-4.0,202-174(사회과학/경영관 L101 강의실)/202-174(사회과학/경영관 L101 강의실),박성호,서울,
387,일교,EGC3065-01,포스트 코로나 시대와 일본의 서브컬처,3.0,3.0,0.0,화4.0-5.0/목4.0-5.0,202-356(사회과학/경영관 L309 강의실)/202-356(사회과학/경영관 L309 강의실),이영호,서울,혁신교수법: 액티브러닝
388,일교,EGC3067-01,사회적 경제와 대항 서사,3.0,3.0,0.0,수8.0-9.0/금8.0-9.0,102-456(학술/문화관 K456 456 강의실)/102-456(학술/문화관 K456 456 강의실),임세화,서울,
389,일교,EGC5007-01,4차 산업혁명 이해와 철학,3.0,3.0,0.0,수4.5-5.5/금4.0-5.0,501-142(학림관 J104 강의실)/501-142(학림관 J104 강의실),김명식,서울,
390,일교,EGC5026-01,빅데이터를 활용한 비언어적 의사소통 이해,3.0,3.0,0.0,화4.0-5.0/목4.0-5.0,207-328(혜화관 328 328 강의실)/207-328(혜화관 328 328 강의실),정원일,서울,
391,공교,RGC0003-01,불교와인간,2.0,2.0,0.0,월1.0-2.5,207-512(혜화관 512 512 강의실),이원선,서울,수강대상 학사제도및학업이수가이드 참조
392,공교,RGC0003-02,불교와인간,2.0,2.0,0.0,월1.0-2.5,207-514(혜화관 514 514 강의실),이경희,서울,수강대상 학사제도및학업이수가이드 참조
393,공교,RGC0003-03,불교와인간,2.0,2.0,0.0,월1.0-2.5,501-203(학림관 J212 강의실),박영란,서울,수강대상 학사제도및학업이수가이드 참조
394,공교,RGC0003-04,불교와인간,2.0,2.0,0.0,월1.0-2.5,501-409(학림관 J413 강의실),성청환,서울,수강대상 학사제도및학업이수가이드 참조
395,공교,RGC0003-05,불교와인간,2.0,2.0,0.0,월5.5-7.0,207-604(혜화관 G621 강의실),고영섭,서울,수강대상 학사제도및학업이수가이드 참조
396,공교,RGC0003-06,불교와인간,2.0,2.0,0.0,월5.5-7.0,207-514(혜화관 514 514 강의실),김은영,서울,수강대상 학사제도및학업이수가이드 참조
397,공교,RGC0003-07,불교와인간,2.0,2.0,0.0,월5.5-7.0,501-203(학림관 J212 강의실),김지연,서울,불교계전형 전용
398,공교,RGC0003-08,불교와인간,2.0,2.0,0.0,화1.0-2.5,207-514(혜화관 514 514 강의실),이석환,서울,수강대상 학사제도및학업이수가이드 참조
399,공교,RGC0003-09,불교와인간,2.0,2.0,0.0,화1.0-2.5,501-203(학림관 J212 강의실),이호경,서울,수강대상 학사제도및학업이수가이드 참조
400,공교,RGC0003-10,불교와인간,2.0,2.0,0.0,수1.0-2.5,207-512(혜화관 512 512 강의실),명계환,서울,수강대상 학사제도및학업이수가이드 참조
401,공교,RGC0003-11,불교와인간,2.0,2.0,0.0,수1.0-2.5,501-203(학림관 J212 강의실),강기선,서울,수강대상 학사제도및학업이수가이드 참조
402,공교,RGC0003-12,불교와인간,2.0,2.0,0.0,목1.0-2.5,207-512(혜화관 512 512 강의실),이호경,서울,수강대상 학사제도및학업이수가이드 참조
403,공교,RGC0003-13,불교와인간,2.0,2.0,0.0,목1.0-2.5,207-514(혜화관 514 514 강의실),박소령,서울,수강대상 학사제도및학업이수가이드 참조
404,공교,RGC0003-14,불교와인간,2.0,2.0,0.0,목5.0-6.5,207-623(혜화관 G607 강의실),조종복,서울,수강대상 학사제도및학업이수가이드 참조
405,공교,RGC0003-15,불교와인간,2.0,2.0,0.0,목5.0-6.5,207-514(혜화관 514 514 강의실),권순범,서울,수강대상 학사제도및학업이수가이드 참조
406,공교,RGC0003-16,불교와인간,2.0,2.0,0.0,목5.0-6.5,207-604(혜화관 G621 강의실),전민지,서울,수강대상 학사제도및학업이수가이드 참조
407,공교,RGC0003-17,불교와인간,2.0,2.0,0.0,금1.0-2.5,207-512(혜화관 512 512 강의실),오명지,서울,수강대상 학사제도및학업이수가이드 참조
408,공교,RGC0003-18,불교와인간,2.0,2.0,0.0,금1.0-2.5,207-514(혜화관 514 514 강의실),문무왕,서울,수강대상 학사제도및학업이수가이드 참조
409,공교,RGC0003-19,불교와인간,2.0,2.0,0.0,금1.0-2.5,102-311(학술/문화관 K311 311 강의실),임상희,서울,수강대상 학사제도및학업이수가이드 참조
410,공교,RGC0003-20,불교와인간,2.0,2.0,0.0,화10.0-11.5,501-203(학림관 J212 강의실),장성우,서울,수강대상 학사제도및학업이수가이드 참조
411,공교,RGC0003-21,불교와인간,2.0,2.0,0.0,수10.0-11.5,207-514(혜화관 514 514 강의실),권순범,서울,수강대상 학사제도및학업이수가이드 참조
412,공교,RGC0003-22,불교와인간,2.0,2.0,0.0,목1.0-2.5,501-109(학림관 J111 강의실_스마트),유문경,서울,수강대상 학사제도및학업이수가이드 참조
413,공교,RGC0003-23,불교와인간,2.0,2.0,0.0,화1.0-2.5,207-512(혜화관 512 512 강의실),임윤경,서울,수강대상 학사제도및학업이수가이드 참조
414,공교,RGC0003-24,불교와인간,2.0,2.0,0.0,월5.5-7.0,102-352(학술/문화관 K352 352 강의실),강형철,서울,외국인전용/ 수강대상 학사제도및학업이수가이드 참조
415,공교,RGC0003-25,불교와인간,2.0,2.0,0.0,수1.0-2.5,501-142(학림관 J104 강의실),살가무웨담마끼띠,서울,외국인전용/ 수강대상 학사제도및학업이수가이드 참조
416,공교,RGC0003-27,불교와인간,2.0,2.0,0.0,월8.0-9.5,1102-219(종합강의동 219 강의실),박대용,일산,BMC 개설
417,공교,RGC0003-28,불교와인간,2.0,2.0,0.0,화5.0-6.5,1102-132(종합강의동 132 세미나실1),전효진,일산,BMC 개설
418,공교,RGC0003-29,불교와인간,2.0,2.0,0.0,목6.0-7.5,1102-219(종합강의동 219 강의실),김지연,일산,BMC 개설
419,공교,RGC0003-30,불교와인간,2.0,2.0,0.0,목1.0-2.5,1102-206(종합강의동 206 강의실),조인숙,일산,BMC 개설
420,공교,RGC0017-01,자아와명상1,1.0,1.0,0.0,월1.0-1.5,303-208(법학/만해관 B262 좌선실),장완순,서울,P/F
421,공교,RGC0017-02,자아와명상1,1.0,1.0,0.0,월1.0-1.5,407-B109(정보문화관P P204 좌선실),이상옥,서울,P/F
422,공교,RGC0017-03,자아와명상1,1.0,1.0,0.0,월1.0-1.5,102-309(학술/문화관 K309 대각전 법당),이양희,서울,P/F
423,공교,RGC0017-04,자아와명상1,1.0,1.0,0.0,월2.0-2.5,303-208(법학/만해관 B262 좌선실),장완순,서울,P/F
424,공교,RGC0017-05,자아와명상1,1.0,1.0,0.0,월2.0-2.5,407-B109(정보문화관P P204 좌선실),이상옥,서울,P/F
425,공교,RGC0017-06,자아와명상1,1.0,1.0,0.0,월2.0-2.5,102-309(학술/문화관 K309 대각전 법당),이양희,서울,P/F
426,공교,RGC0017-07,자아와명상1,1.0,1.0,0.0,월3.0-3.5,303-208(법학/만해관 B262 좌선실),장완순,서울,P/F
427,공교,RGC0017-08,자아와명상1,1.0,1.0,0.0,월3.0-3.5,407-B109(정보문화관P P204 좌선실),이상옥,서울,P/F
428,공교,RGC0017-09,자아와명상1,1.0,1.0,0.0,월3.0-3.5,102-309(학술/문화관 K309 대각전 법당),이양희,서울,P/F
429,공교,RGC0017-10,자아와명상1,1.0,1.0,0.0,월5.5-6.0,303-208(법학/만해관 B262 좌선실),이상옥,서울,P/F
430,공교,RGC0017-11,자아와명상1,1.0,1.0,0.0,월6.5-7.0,303-208(법학/만해관 B262 좌선실),이상옥,서울,P/F
431,공교,RGC0017-12,자아와명상1,1.0,1.0,0.0,화1.0-1.5,303-208(법학/만해관 B262 좌선실),이병진,서울,P/F
432,공교,RGC0017-13,자아와명상1,1.0,1.0,0.0,화1.0-1.5,407-B109(정보문화관P P204 좌선실),안효기,서울,P/F
433,공교,RGC0017-14,자아와명상1,1.0,1.0,0.0,화1.0-1.5,102-309(학술/문화관 K309 대각전 법당),정혜련,서울,P/F
434,공교,RGC0017-15,자아와명상1,1.0,1.0,0.0,화2.0-2.5,407-B109(정보문화관P P204 좌선실),안효기,서울,P/F
435,공교,RGC0017-16,자아와명상1,1.0,1.0,0.0,화2.0-2.5,303-208(법학/만해관 B262 좌선실),이병진,서울,불교계전형전용/ P/F
436,공교,RGC0017-17,자아와명상1,1.0,1.0,0.0,화3.0-3.5,303-208(법학/만해관 B262 좌선실),이병진,서울,P/F
437,공교,RGC0017-18,자아와명상1,1.0,1.0,0.0,화3.0-3.5,407-B109(정보문화관P P204 좌선실),안효기,서울,P/F
438,공교,RGC0017-19,자아와명상1,1.0,1.0,0.0,화3.0-3.5,102-309(학술/문화관 K309 대각전 법당),정혜련,서울,P/F
439,공교,RGC0017-20,자아와명상1,1.0,1.0,0.0,수1.0-1.5,407-B109(정보문화관P P204 좌선실),김수덕,서울,P/F
440,공교,RGC0017-21,자아와명상1,1.0,1.0,0.0,수1.0-1.5,303-208(법학/만해관 B262 좌선실),안신정,서울,P/F
441,공교,RGC0017-22,자아와명상1,1.0,1.0,0.0,수2.0-2.5,102-309(학술/문화관 K309 대각전 법당),김근행,서울,P/F
442,공교,RGC0017-23,자아와명상1,1.0,1.0,0.0,수2.0-2.5,303-208(법학/만해관 B262 좌선실),안신정,서울,P/F
443,공교,RGC0017-24,자아와명상1,1.0,1.0,0.0,수2.0-2.5,407-B109(정보문화관P P204 좌선실),김수덕,서울,P/F
444,공교,RGC0017-25,자아와명상1,1.0,1.0,0.0,목1.0-1.5,407-B109(정보문화관P P204 좌선실),위하나,서울,P/F
445,공교,RGC0017-26,자아와명상1,1.0,1.0,0.0,목1.0-1.5,102-309(학술/문화관 K309 대각전 법당),홍지형,서울,P/F
446,공교,RGC0017-27,자아와명상1,1.0,1.0,0.0,목1.0-1.5,303-208(법학/만해관 B262 좌선실),안신정,서울,P/F
447,공교,RGC0017-28,자아와명상1,1.0,1.0,0.0,목2.0-2.5,303-208(법학/만해관 B262 좌선실),안신정,서울,P/F
448,공교,RGC0017-29,자아와명상1,1.0,1.0,0.0,목2.0-2.5,102-309(학술/문화관 K309 대각전 법당),홍지형,서울,P/F
449,공교,RGC0017-30,자아와명상1,1.0,1.0,0.0,목2.0-2.5,407-B109(정보문화관P P204 좌선실),위하나,서울,P/F
450,공교,RGC0017-31,자아와명상1,1.0,1.0,0.0,목3.0-3.5,407-B109(정보문화관P P204 좌선실),위하나,서울,P/F
451,공교,RGC0017-32,자아와명상1,1.0,1.0,0.0,목3.0-3.5,102-309(학술/문화관 K309 대각전 법당),홍지형,서울,P/F
452,공교,RGC0017-33,자아와명상1,1.0,1.0,0.0,목3.0-3.5,303-208(법학/만해관 B262 좌선실),안신정,서울,P/F
453,공교,RGC0017-34,자아와명상1,1.0,1.0,0.0,목5.5-6.0,303-208(법학/만해관 B262 좌선실),김수덕,서울,P/F
454,공교,RGC0017-35,자아와명상1,1.0,1.0,0.0,목6.5-7.0,303-208(법학/만해관 B262 좌선실),김수덕,서울,P/F
455,공교,RGC0017-36,자아와명상1,1.0,1.0,0.0,목6.5-7.0,407-B109(정보문화관P P204 좌선실),정혜련,서울,P/F
456,공교,RGC0017-37,자아와명상1,1.0,1.0,0.0,목7.5-8.0,407-B109(정보문화관P P204 좌선실),정혜련,서울,P/F
457,공교,RGC0017-38,자아와명상1,1.0,1.0,0.0,목7.5-8.0,303-208(법학/만해관 B262 좌선실),김수덕,서울,P/F
458,공교,RGC0017-39,자아와명상1,1.0,1.0,0.0,금1.0-1.5,303-208(법학/만해관 B262 좌선실),김창언,서울,P/F
459,공교,RGC0017-40,자아와명상1,1.0,1.0,0.0,금2.0-2.5,303-208(법학/만해관 B262 좌선실),김창언,서울,P/F
460,공교,RGC0017-41,자아와명상1,1.0,1.0,0.0,금3.0-3.5,303-208(법학/만해관 B262 좌선실),김창언,서울,P/F
461,공교,RGC0017-42,자아와명상1,1.0,1.0,0.0,월10.0-10.5,407-B109(정보문화관P P204 좌선실),안병희,서울,P/F
462,공교,RGC0017-43,자아와명상1,1.0,1.0,0.0,월11.0-11.5,407-B109(정보문화관P P204 좌선실),안병희,서울,P/F
463,공교,RGC0017-44,자아와명상1,1.0,1.0,0.0,목10.0-10.5,303-208(법학/만해관 B262 좌선실),신둘연,서울,P/F
464,공교,RGC0017-45,자아와명상1,1.0,1.0,0.0,월12.0-12.5,407-B109(정보문화관P P204 좌선실),안병희,서울,P/F
465,공교,RGC0017-46,자아와명상1,1.0,1.0,0.0,월13.0-13.5,407-B109(정보문화관P P204 좌선실),안병희,서울,P/F
466,공교,RGC0017-47,자아와명상1,1.0,1.0,0.0,목12.0-12.5,303-208(법학/만해관 B262 좌선실),신둘연,서울,P/F
467,공교,RGC0017-48,자아와명상1,1.0,1.0,0.0,수13.0-13.5,407-B109(정보문화관P P204 좌선실),홍영길,서울,P/F
468,공교,RGC0017-49,자아와명상1,1.0,1.0,0.0,화2.0-2.5,102-309(학술/문화관 K309 대각전 법당),정혜련,서울,P/F
469,공교,RGC0017-50,자아와명상1,1.0,1.0,0.0,월7.5-8.0,303-208(법학/만해관 B262 좌선실),이상옥,서울,외국인전용/ P/F
470,공교,RGC0017-51,자아와명상1,1.0,1.0,0.0,수1.0-1.5,102-309(학술/문화관 K309 대각전 법당),김근행,서울,외국인전용/ P/F
471,공교,RGC0017-52,자아와명상1,1.0,1.0,0.0,금3.0-3.5,102-309(학술/문화관 K309 대각전 법당),박상현,서울,외국인전용/ P/F
472,공교,RGC0017-53,자아와명상1,1.0,1.0,0.0,월7.0-7.5,1102-118(종합강의동 118 무용실/좌선실),공숙자,일산,BMC개설/ P/F
473,공교,RGC0017-54,자아와명상1,1.0,1.0,0.0,월8.0-8.5,1102-118(종합강의동 118 무용실/좌선실),공숙자,일산,BMC개설/ P/F
474,공교,RGC0017-55,자아와명상1,1.0,1.0,0.0,목7.0-7.5,1102-118(종합강의동 118 무용실/좌선실),공숙자,일산,BMC개설/ P/F
475,공교,RGC0017-56,자아와명상1,1.0,1.0,0.0,목8.0-8.5,1102-118(종합강의동 118 무용실/좌선실),공숙자,일산,BMC개설/ P/F
476,공교,RGC0018-01,자아와명상2,1.0,1.0,0.0,월4.0-4.5,407-B109(정보문화관P P204 좌선실),안효기,서울,P/F
477,공교,RGC0018-02,자아와명상2,1.0,1.0,0.0,월5.5-6.0,407-B109(정보문화관P P204 좌선실),안효기,서울,P/F
478,공교,RGC0018-03,자아와명상2,1.0,1.0,0.0,목4.0-4.5,102-309(학술/문화관 K309 대각전 법당),홍영길,서울,P/F
479,공교,RGC0018-04,자아와명상2,1.0,1.0,0.0,목5.5-6.0,102-309(학술/문화관 K309 대각전 법당),홍영길,서울,P/F
480,공교,RGC0018-05,자아와명상2,1.0,1.0,0.0,목6.5-7.0,102-309(학술/문화관 K309 대각전 법당),홍영길,서울,P/F
481,공교,RGC0018-06,자아와명상2,1.0,1.0,0.0,금1.0-1.5,102-309(학술/문화관 K309 대각전 법당),박상현,서울,P/F
482,공교,RGC0018-07,자아와명상2,1.0,1.0,0.0,금3.0-3.5,407-B109(정보문화관P P204 좌선실),김근행,서울,P/F
483,공교,RGC0018-08,자아와명상2,1.0,1.0,0.0,목13.0-13.5,303-208(법학/만해관 B262 좌선실),신둘연,서울,P/F
484,공교,RGC0018-10,자아와명상2,1.0,1.0,0.0,월6.5-7.0,407-B109(정보문화관P P204 좌선실),안효기,서울,외국인전용/ P/F
485,공교,RGC0018-11,자아와명상2,1.0,1.0,0.0,목6.0-6.5,1102-118(종합강의동 118 무용실/좌선실),공숙자,일산,BMC개설/ P/F
486,공교,RGC0018-16,자아와명상2,1.0,1.0,0.0,화5.0-5.5,407-B109(정보문화관P P204 좌선실),신둘연,서울,불교계전형전용/ P/F
487,일교,EGC2047-01,만해와불교의민족운동,2.0,2.0,0.0,수6.0-7.5,501-250(학림관 J211 강의실_스마트),김광식,서울,
488,일교,EGC2075-01,만해의생애와사상,2.0,2.0,0.0,화6.0-7.5,501-413(학림관 J414 강의실),김광식,서울,
489,일교,EGC2081-01,21세기생명생태철학,3.0,3.0,0.0,월4.0-5.0/수3.0-4.0,201-226(사회과학/경영관 M216 강의실)/201-226(사회과학/경영관 M216 강의실),김종욱,서울,
490,일교,EGC2084-01,오리엔탈리즘과불교,3.0,3.0,0.0,월4.0-5.0/수3.0-4.0,202-571(사회과학/경영관 L501 강의실)/202-571(사회과학/경영관 L501 강의실),황순일,서울,
491,일교,EGC2111-01,인간과로봇의공존시대,3.0,3.0,0.0,화8.0-9.0/목8.5-9.5,102-356(학술/문화관 K356 356 강의실)/102-356(학술/문화관 K356 356 강의실),허남결,서울,
492,일교,EGC2116-01,불교와스토리텔링,3.0,3.0,0.0,화4.0-5.0/목4.0-5.0,102-342(학술/문화관 K342 342 강의실)/102-342(학술/문화관 K342 342 강의실),우제선,서울,
493,일교,EGC5011-01,로봇의 행복/ 인간의 행복,3.0,3.0,0.0,수8.0-9.0/금8.0-9.0,102-357(학술/문화관 K357 357 강의실)/102-357(학술/문화관 K357 357 강의실),김진선,서울,
494,일교,GCR2002-01,행복학의인문학적문제들,3.0,3.0,0.0,수4.5-5.5/금4.0-5.0,102-315(학술/문화관 K315 315 강의실)/102-315(학술/문화관 K315 315 강의실),김진선,서울,핵심교양 대체인정 교과목
495,일교,GCR2004-01,현대요가와자기이해,3.0,3.0,0.0,화6.0-7.0/금6.0-7.0,303-208(법학/만해관 B262 좌선실)/303-208(법학/만해관 B262 좌선실),강형철,서울,핵심교양 대체인정(불교관련) 교과목
496,일교,GCR3002-01,동남아시아와불교문화,3.0,3.0,0.0,월4.0-5.0/수3.0-4.0,202-364(사회과학/경영관 L311 강의실)/202-364(사회과학/경영관 L311 강의실),김진영,서울,핵심교양 대체인정(불교관련) 교과목
497,일교,GCR4004-01,종교와과학,3.0,3.0,0.0,수4.5-5.5/금4.0-5.0,102-357(학술/문화관 K357 357 강의실)/102-357(학술/문화관 K357 357 강의실),한수진,서울,
498,일교,GCR7003-01,일본/문학/그리고불교,3.0,3.0,0.0,화1.0-2.0/목1.0-2.0,102-361(학술/문화관 K361 361 강의실)/102-361(학술/문화관 K361 361 강의실),김호성,서울,핵심교양 대체인정 교과목
499,학기,PRI5002-04,TOEIC영어,3.0,3.0,0.0,금11.0-13.5,202-571(사회과학/경영관 L501 강의실),이광임,서울,
500,학기,PRI5002-05,TOEIC영어,3.0,3.0,0.0,수6.0-8.5,1102-218(종합강의동 218 강의실),박제이,일산,BMC개설
